1491467447476,16,HTTP登录请求,200,OK,jp@gc - Stepping Thread Group 1-1,text,true,,340,237,1,1,16,0,1
1491467447593,15,HTTP 获取Agreement请求,200,OK,jp@gc - Stepping Thread Group 1-1,text,true,,268,274,1,1,15,0,0
1491467447809,1087,HTTPtxt导入下注请求,200,OK,jp@gc - Stepping Thread Group 1-1,text,true,,301,1029,1,1,1087,0,0
1491467449097,669,HTTPtxt导入下注请求,200,OK,jp@gc - Stepping Thread Group 1-1,text,true,,301,1031,1,1,669,0,0
1491467449967,227,HTTPtxt导入下注请求,200,OK,jp@gc - Stepping Thread Group 1-1,text,true,,301,1030,1,1,227,0,3
1491467450395,238,HTTPtxt导入下注请求,200,OK,jp@gc - Stepping Thread Group 1-1,text,true,,301,1028,1,1,238,0,0
1491467450834,279,HTTPtxt导入下注请求,200,OK,jp@gc - Stepping Thread Group 1-1,text,true,,301,1028,1,1,279,0,0
1491467451313,178,HTTPtxt导入下注请求,200,OK,jp@gc - Stepping Thread Group 1-1,text,true,,301,1029,1,1,178,0,0
1491467451693,326,HTTPtxt导入下注请求,200,OK,jp@gc - Stepping Thread Group 1-1,text,true,,301,1031,1,1,326,0,0
1491467452219,224,HTTPtxt导入下注请求,200,OK,jp@gc - Stepping Thread Group 1-1,text,true,,301,1029,1,1,224,0,2
1491467452643,218,HTTPtxt导入下注请求,200,OK,jp@gc - Stepping Thread Group 1-1,text,true,,301,1027,1,1,218,0,0
1491467453061,233,HTTPtxt导入下注请求,200,OK,jp@gc - Stepping Thread Group 1-1,text,true,,301,1027,1,1,233,0,0
1491467453494,202,HTTPtxt导入下注请求,200,OK,jp@gc - Stepping Thread Group 1-1,text,true,,301,1031,1,1,202,0,0
1491467453897,200,HTTPtxt导入下注请求,200,OK,jp@gc - Stepping Thread Group 1-1,text,true,,301,1029,1,1,200,0,0
1491467454298,176,HTTPtxt导入下注请求,200,OK,jp@gc - Stepping Thread Group 1-1,text,true,,301,1030,1,1,176,0,1
1491467454674,207,HTTPtxt导入下注请求,200,OK,jp@gc - Stepping Thread Group 1-1,text,true,,301,1028,1,1,206,0,0
1491467455081,246,HTTPtxt导入下注请求,200,OK,jp@gc - Stepping Thread Group 1-1,text,true,,301,1030,1,1,246,0,0
1491467455527,206,HTTPtxt导入下注请求,200,OK,jp@gc - Stepping Thread Group 1-1,text,true,,301,1029,1,1,206,0,0
1491467455933,236,HTTPtxt导入下注请求,200,OK,jp@gc - Stepping Thread Group 1-1,text,true,,301,1030,1,1,236,0,0
1491467456370,216,HTTPtxt导入下注请求,200,OK,jp@gc - Stepping Thread Group 1-1,text,true,,301,1028,1,1,216,0,1
1491467456785,257,HTTPtxt导入下注请求,200,OK,jp@gc - Stepping Thread Group 1-1,text,true,,301,1027,1,1,257,0,0
1491467457242,197,HTTPtxt导入下注请求,200,OK,jp@gc - Stepping Thread Group 1-1,text,true,,301,1031,1,1,197,0,0
1491467457639,179,HTTPtxt导入下注请求,200,OK,jp@gc - Stepping Thread Group 1-1,text,true,,301,1031,1,1,179,0,0
1491467458019,196,HTTPtxt导入下注请求,200,OK,jp@gc - Stepping Thread Group 1-1,text,true,,301,1030,1,1,196,0,0
1491467458415,241,HTTPtxt导入下注请求,200,OK,jp@gc - Stepping Thread Group 1-1,text,true,,301,1029,1,1,241,0,1
1491467458857,206,HTTPtxt导入下注请求,200,OK,jp@gc - Stepping Thread Group 1-1,text,true,,301,1027,1,1,206,0,0
1491467459264,189,HTTPtxt导入下注请求,200,OK,jp@gc - Stepping Thread Group 1-1,text,true,,301,1028,1,1,189,0,0
1491467459654,172,HTTPtxt导入下注请求,200,OK,jp@gc - Stepping Thread Group 1-1,text,true,,301,1029,1,1,172,0,0
1491467460027,188,HTTPtxt导入下注请求,200,OK,jp@gc - Stepping Thread Group 1-1,text,true,,301,1030,1,1,188,0,0
1491467460416,272,HTTPtxt导入下注请求,200,OK,jp@gc - Stepping Thread Group 1-1,text,true,,301,1028,1,1,272,0,1
1491467460889,176,HTTPtxt导入下注请求,200,OK,jp@gc - Stepping Thread Group 1-1,text,true,,301,1029,1,1,176,0,0
1491467461265,460,HTTPtxt导入下注请求,200,OK,jp@gc - Stepping Thread Group 1-1,text,true,,301,1031,1,1,460,0,0
1491467461925,307,HTTPtxt导入下注请求,200,OK,jp@gc - Stepping Thread Group 1-1,text,true,,301,1030,1,1,307,0,0
1491467462432,319,HTTPtxt导入下注请求,200,OK,jp@gc - Stepping Thread Group 1-1,text,true,,301,1031,1,1,319,0,1
1491467462952,321,HTTPtxt导入下注请求,200,OK,jp@gc - Stepping Thread Group 1-1,text,true,,301,1030,1,1,321,0,0
1491467463474,587,HTTPtxt导入下注请求,200,OK,jp@gc - Stepping Thread Group 1-1,text,true,,301,1030,1,1,587,0,0
1491467464261,627,HTTPtxt导入下注请求,200,OK,jp@gc - Stepping Thread Group 1-1,text,true,,301,1029,1,1,627,0,0
1491467465089,409,HTTPtxt导入下注请求,200,OK,jp@gc - Stepping Thread Group 1-1,text,true,,301,1031,1,1,409,0,1
1491467465698,396,HTTPtxt导入下注请求,200,OK,jp@gc - Stepping Thread Group 1-1,text,true,,301,1031,1,1,396,0,0
1491467466295,479,HTTPtxt导入下注请求,200,OK,jp@gc - Stepping Thread Group 1-1,text,true,,301,1028,1,1,479,0,0
1491467466975,410,HTTPtxt导入下注请求,200,OK,jp@gc - Stepping Thread Group 1-1,text,true,,301,1029,1,1,410,0,0
1491467467586,325,HTTPtxt导入下注请求,200,OK,jp@gc - Stepping Thread Group 1-1,text,true,,301,1030,1,1,325,0,3
1491467468111,346,HTTPtxt导入下注请求,200,OK,jp@gc - Stepping Thread Group 1-1,text,true,,301,1030,1,1,346,0,0
1491467468657,1612,HTTPtxt导入下注请求,200,OK,jp@gc - Stepping Thread Group 1-1,text,true,,301,1029,1,1,1612,0,0
1491467470470,351,HTTPtxt导入下注请求,200,OK,jp@gc - Stepping Thread Group 1-1,text,true,,301,1028,1,1,351,0,1
1491467471022,224,HTTPtxt导入下注请求,200,OK,jp@gc - Stepping Thread Group 1-1,text,true,,301,1029,1,1,224,0,0
1491467471446,206,HTTPtxt导入下注请求,200,OK,jp@gc - Stepping Thread Group 1-1,text,true,,301,1030,1,1,206,0,0
1491467471852,198,HTTPtxt导入下注请求,200,OK,jp@gc - Stepping Thread Group 1-1,text,true,,301,1029,1,1,198,0,0
1491467472250,222,HTTPtxt导入下注请求,200,OK,jp@gc - Stepping Thread Group 1-1,text,true,,301,1028,1,1,222,0,0
1491467472672,203,HTTPtxt导入下注请求,200,OK,jp@gc - Stepping Thread Group 1-1,text,true,,301,1029,1,1,203,0,2
1491467473076,201,HTTPtxt导入下注请求,200,OK,jp@gc - Stepping Thread Group 1-1,text,true,,301,1029,1,1,201,0,0
1491467473477,199,HTTPtxt导入下注请求,200,OK,jp@gc - Stepping Thread Group 1-1,text,true,,301,1028,1,1,199,0,0
1491467473876,213,HTTPtxt导入下注请求,200,OK,jp@gc - Stepping Thread Group 1-1,text,true,,301,1031,1,1,213,0,0
1491467474289,168,HTTPtxt导入下注请求,200,OK,jp@gc - Stepping Thread Group 1-1,text,true,,301,1028,1,1,168,0,0
1491467474657,175,HTTPtxt导入下注请求,200,OK,jp@gc - Stepping Thread Group 1-1,text,true,,301,1029,1,1,175,0,0
1491467475033,214,HTTPtxt导入下注请求,200,OK,jp@gc - Stepping Thread Group 1-1,text,true,,301,1031,1,1,214,0,0
1491467475447,167,HTTPtxt导入下注请求,200,OK,jp@gc - Stepping Thread Group 1-1,text,true,,301,1031,1,1,167,0,0
1491467475814,243,HTTPtxt导入下注请求,200,OK,jp@gc - Stepping Thread Group 1-1,text,true,,301,1033,1,1,243,0,0
1491467476258,420,HTTPtxt导入下注请求,200,OK,jp@gc - Stepping Thread Group 1-1,text,true,,301,1028,1,1,420,0,0
1491467476879,351,HTTPtxt导入下注请求,200,OK,jp@gc - Stepping Thread Group 1-1,text,true,,301,1031,1,1,351,0,0
1491467477431,175,HTTPtxt导入下注请求,200,OK,jp@gc - Stepping Thread Group 1-1,text,true,,301,1030,1,1,175,0,1
1491467477806,213,HTTPtxt导入下注请求,200,OK,jp@gc - Stepping Thread Group 1-1,text,true,,301,1030,1,1,213,0,0
1491467478219,177,HTTPtxt导入下注请求,200,OK,jp@gc - Stepping Thread Group 1-1,text,true,,301,1028,1,1,177,0,0
1491467478596,209,HTTPtxt导入下注请求,200,OK,jp@gc - Stepping Thread Group 1-1,text,true,,301,1028,1,1,209,0,0
1491467479005,208,HTTPtxt导入下注请求,200,OK,jp@gc - Stepping Thread Group 1-1,text,true,,301,1029,1,1,208,0,0
1491467479414,247,HTTPtxt导入下注请求,200,OK,jp@gc - Stepping Thread Group 1-1,text,true,,301,1031,1,1,247,0,0
1491467479862,220,HTTPtxt导入下注请求,200,OK,jp@gc - Stepping Thread Group 1-1,text,true,,301,1029,1,1,220,0,1
1491467480284,209,HTTPtxt导入下注请求,200,OK,jp@gc - Stepping Thread Group 1-1,text,true,,301,1030,1,1,209,0,0
1491467480694,444,HTTPtxt导入下注请求,200,OK,jp@gc - Stepping Thread Group 1-1,text,true,,301,1030,1,1,444,0,0
1491467481337,205,HTTPtxt导入下注请求,200,OK,jp@gc - Stepping Thread Group 1-1,text,true,,301,1030,1,1,205,0,0
1491467481743,209,HTTPtxt导入下注请求,200,OK,jp@gc - Stepping Thread Group 1-1,text,true,,301,1030,1,1,209,0,0
1491467482151,284,HTTPtxt导入下注请求,200,OK,jp@gc - Stepping Thread Group 1-1,text,true,,301,1028,1,1,284,0,1
1491467482635,286,HTTPtxt导入下注请求,200,OK,jp@gc - Stepping Thread Group 1-1,text,true,,301,1031,1,1,286,0,0
1491467483121,379,HTTPtxt导入下注请求,200,OK,jp@gc - Stepping Thread Group 1-1,text,true,,301,1030,1,1,379,0,0
1491467483701,760,HTTPtxt导入下注请求,200,OK,jp@gc - Stepping Thread Group 1-1,text,true,,301,1029,1,1,760,0,0
1491467484662,1372,HTTPtxt导入下注请求,200,OK,jp@gc - Stepping Thread Group 1-1,text,true,,301,1030,1,1,1372,0,4
1491467486236,345,HTTPtxt导入下注请求,200,OK,jp@gc - Stepping Thread Group 1-1,text,true,,301,1028,1,1,345,0,0
1491467486782,473,HTTPtxt导入下注请求,200,OK,jp@gc - Stepping Thread Group 1-1,text,true,,301,1030,1,1,473,0,1
1491467487456,437,HTTPtxt导入下注请求,200,OK,jp@gc - Stepping Thread Group 1-1,text,true,,301,1031,1,1,437,0,0
1491467488093,687,HTTPtxt导入下注请求,200,OK,jp@gc - Stepping Thread Group 1-1,text,true,,301,1027,1,1,687,0,0
1491467488980,416,HTTPtxt导入下注请求,200,OK,jp@gc - Stepping Thread Group 1-1,text,true,,301,1028,1,1,416,0,2
1491467489596,1645,HTTPtxt导入下注请求,200,OK,jp@gc - Stepping Thread Group 1-1,text,true,,301,1032,1,1,1644,0,0
1491467491442,919,HTTPtxt导入下注请求,200,OK,jp@gc - Stepping Thread Group 1-1,text,true,,301,1028,1,1,919,0,3
1491467492562,173,HTTPtxt导入下注请求,200,OK,jp@gc - Stepping Thread Group 1-1,text,true,,301,1031,1,1,173,0,0
1491467492936,183,HTTPtxt导入下注请求,200,OK,jp@gc - Stepping Thread Group 1-1,text,true,,301,1031,1,1,183,0,0
1491467493320,187,HTTPtxt导入下注请求,200,OK,jp@gc - Stepping Thread Group 1-1,text,true,,301,1028,1,1,187,0,0
1491467493707,175,HTTPtxt导入下注请求,200,OK,jp@gc - Stepping Thread Group 1-1,text,true,,301,1030,1,1,175,0,1
1491467494083,188,HTTPtxt导入下注请求,200,OK,jp@gc - Stepping Thread Group 1-1,text,true,,301,1031,1,1,188,0,0
1491467494471,205,HTTPtxt导入下注请求,200,OK,jp@gc - Stepping Thread Group 1-1,text,true,,301,1029,1,1,205,0,0
1491467494876,213,HTTPtxt导入下注请求,200,OK,jp@gc - Stepping Thread Group 1-1,text,true,,301,1030,1,1,213,0,0
1491467495289,194,HTTPtxt导入下注请求,200,OK,jp@gc - Stepping Thread Group 1-1,text,true,,301,1030,1,1,194,0,0
1491467495683,261,HTTPtxt导入下注请求,200,OK,jp@gc - Stepping Thread Group 1-1,text,true,,301,1030,1,1,261,0,0
1491467496144,201,HTTPtxt导入下注请求,200,OK,jp@gc - Stepping Thread Group 1-1,text,true,,301,1028,1,1,201,0,1
1491467496545,179,HTTPtxt导入下注请求,200,OK,jp@gc - Stepping Thread Group 1-1,text,true,,301,1031,1,1,179,0,0
1491467496924,187,HTTPtxt导入下注请求,200,OK,jp@gc - Stepping Thread Group 1-1,text,true,,301,1029,1,1,187,0,0
1491467497312,205,HTTPtxt导入下注请求,200,OK,jp@gc - Stepping Thread Group 1-1,text,true,,301,1029,1,1,205,0,0
1491467497718,228,HTTPtxt导入下注请求,200,OK,jp@gc - Stepping Thread Group 1-1,text,true,,301,1029,1,1,228,0,0
1491467498148,193,HTTPtxt导入下注请求,200,OK,jp@gc - Stepping Thread Group 1-1,text,true,,301,1028,1,1,193,0,2
1491467498543,204,HTTPtxt导入下注请求,200,OK,jp@gc - Stepping Thread Group 1-1,text,true,,301,1029,1,1,204,0,0
1491467498948,175,HTTPtxt导入下注请求,200,OK,jp@gc - Stepping Thread Group 1-1,text,true,,301,1029,1,1,175,0,0
1491467499323,189,HTTPtxt导入下注请求,200,OK,jp@gc - Stepping Thread Group 1-1,text,true,,301,1030,1,1,189,0,0
1491467499712,201,HTTPtxt导入下注请求,200,OK,jp@gc - Stepping Thread Group 1-1,text,true,,301,1029,1,1,201,0,0
1491467500114,263,HTTPtxt导入下注请求,200,OK,jp@gc - Stepping Thread Group 1-1,text,true,,301,1029,1,1,263,0,0
1491467500578,403,HTTPtxt导入下注请求,200,OK,jp@gc - Stepping Thread Group 1-1,text,true,,301,1029,1,1,403,0,2
1491467501181,210,HTTPtxt导入下注请求,200,OK,jp@gc - Stepping Thread Group 1-1,text,true,,301,1027,1,1,210,0,0
1491467501592,167,HTTPtxt导入下注请求,200,OK,jp@gc - Stepping Thread Group 1-1,text,true,,301,1027,1,1,167,0,0
1491467501959,163,HTTPtxt导入下注请求,200,OK,jp@gc - Stepping Thread Group 1-1,text,true,,301,1030,1,1,163,0,0
1491467502322,269,HTTPtxt导入下注请求,200,OK,jp@gc - Stepping Thread Group 1-1,text,true,,301,1031,1,1,269,0,0
1491467502791,175,HTTPtxt导入下注请求,200,OK,jp@gc - Stepping Thread Group 1-1,text,true,,301,1030,1,1,175,0,1
1491467503165,191,HTTPtxt导入下注请求,200,OK,jp@gc - Stepping Thread Group 1-1,text,true,,301,1028,1,1,191,0,0
1491467503556,208,HTTPtxt导入下注请求,200,OK,jp@gc - Stepping Thread Group 1-1,text,true,,301,1029,1,1,208,0,0
1491467503965,273,HTTPtxt导入下注请求,200,OK,jp@gc - Stepping Thread Group 1-1,text,true,,301,1028,1,1,273,0,0
1491467504438,242,HTTPtxt导入下注请求,200,OK,jp@gc - Stepping Thread Group 1-1,text,true,,301,1027,1,1,242,0,0
1491467504881,769,HTTPtxt导入下注请求,200,OK,jp@gc - Stepping Thread Group 1-1,text,true,,301,1031,1,1,769,0,2
1491467505852,934,HTTPtxt导入下注请求,200,OK,jp@gc - Stepping Thread Group 1-1,text,true,,301,1030,1,1,934,0,0
1491467506986,511,HTTPtxt导入下注请求,200,OK,jp@gc - Stepping Thread Group 1-1,text,true,,301,1028,1,1,511,0,3
1491467507698,284,HTTPtxt导入下注请求,200,OK,jp@gc - Stepping Thread Group 1-1,text,true,,301,1029,1,1,284,0,0
1491467508182,402,HTTPtxt导入下注请求,200,OK,jp@gc - Stepping Thread Group 1-1,text,true,,301,1026,1,1,401,0,0
1491467508785,378,HTTPtxt导入下注请求,200,OK,jp@gc - Stepping Thread Group 1-1,text,true,,301,1029,1,1,378,0,0
1491467509365,375,HTTPtxt导入下注请求,200,OK,jp@gc - Stepping Thread Group 1-1,text,true,,301,1028,1,1,375,0,7
1491467509941,1877,HTTPtxt导入下注请求,200,OK,jp@gc - Stepping Thread Group 1-1,text,true,,301,1031,1,1,1877,0,0
1491467512018,329,HTTPtxt导入下注请求,200,OK,jp@gc - Stepping Thread Group 1-1,text,true,,301,1028,1,1,329,0,2
1491467512547,359,HTTPtxt导入下注请求,200,OK,jp@gc - Stepping Thread Group 1-1,text,true,,301,1030,1,1,359,0,0
1491467513106,410,HTTPtxt导入下注请求,200,OK,jp@gc - Stepping Thread Group 1-1,text,true,,301,1029,1,1,410,0,0
1491467513717,177,HTTPtxt导入下注请求,200,OK,jp@gc - Stepping Thread Group 1-1,text,true,,301,1030,1,1,177,0,0
1491467514095,252,HTTPtxt导入下注请求,200,OK,jp@gc - Stepping Thread Group 1-1,text,true,,301,1028,1,1,252,0,1
1491467514548,313,HTTPtxt导入下注请求,200,OK,jp@gc - Stepping Thread Group 1-1,text,true,,301,1028,1,1,313,0,0
1491467515062,356,HTTPtxt导入下注请求,200,OK,jp@gc - Stepping Thread Group 1-1,text,true,,301,1028,1,1,356,0,0
1491467515620,241,HTTPtxt导入下注请求,200,OK,jp@gc - Stepping Thread Group 1-1,text,true,,301,1030,1,1,241,0,0
1491467516061,262,HTTPtxt导入下注请求,200,OK,jp@gc - Stepping Thread Group 1-1,text,true,,301,1029,1,1,262,0,0
1491467516523,226,HTTPtxt导入下注请求,200,OK,jp@gc - Stepping Thread Group 1-1,text,true,,301,1029,1,1,226,0,1
1491467516949,335,HTTPtxt导入下注请求,200,OK,jp@gc - Stepping Thread Group 1-1,text,true,,301,1027,1,1,335,0,0
1491467517485,186,HTTPtxt导入下注请求,200,OK,jp@gc - Stepping Thread Group 1-1,text,true,,301,1028,1,1,186,0,0
1491467517872,442,HTTPtxt导入下注请求,200,OK,jp@gc - Stepping Thread Group 1-1,text,true,,301,1027,1,1,442,0,0
1491467518515,193,HTTPtxt导入下注请求,200,OK,jp@gc - Stepping Thread Group 1-1,text,true,,301,1031,1,1,193,0,0
1491467518909,245,HTTPtxt导入下注请求,200,OK,jp@gc - Stepping Thread Group 1-1,text,true,,301,1027,1,1,245,0,1
1491467519354,210,HTTPtxt导入下注请求,200,OK,jp@gc - Stepping Thread Group 1-1,text,true,,301,1028,1,1,210,0,0
1491467519765,175,HTTPtxt导入下注请求,200,OK,jp@gc - Stepping Thread Group 1-1,text,true,,301,1030,1,1,175,0,0
1491467520141,207,HTTPtxt导入下注请求,200,OK,jp@gc - Stepping Thread Group 1-1,text,true,,301,1032,1,1,207,0,0
1491467520548,342,HTTPtxt导入下注请求,200,OK,jp@gc - Stepping Thread Group 1-1,text,true,,301,1029,1,1,342,0,0
1491467521090,228,HTTPtxt导入下注请求,200,OK,jp@gc - Stepping Thread Group 1-1,text,true,,301,1029,1,1,228,0,2
1491467521518,222,HTTPtxt导入下注请求,200,OK,jp@gc - Stepping Thread Group 1-1,text,true,,301,1029,1,1,222,0,0
1491467521941,201,HTTPtxt导入下注请求,200,OK,jp@gc - Stepping Thread Group 1-1,text,true,,301,1030,1,1,201,0,0
1491467522343,170,HTTPtxt导入下注请求,200,OK,jp@gc - Stepping Thread Group 1-1,text,true,,301,1030,1,1,170,0,0
1491467522713,230,HTTPtxt导入下注请求,200,OK,jp@gc - Stepping Thread Group 1-1,text,true,,301,1030,1,1,230,0,0
1491467523143,184,HTTPtxt导入下注请求,200,OK,jp@gc - Stepping Thread Group 1-1,text,true,,301,1034,1,1,184,0,2
1491467523528,223,HTTPtxt导入下注请求,200,OK,jp@gc - Stepping Thread Group 1-1,text,true,,301,1028,1,1,223,0,0
1491467523951,204,HTTPtxt导入下注请求,200,OK,jp@gc - Stepping Thread Group 1-1,text,true,,301,1032,1,1,204,0,0
1491467524356,399,HTTPtxt导入下注请求,200,OK,jp@gc - Stepping Thread Group 1-1,text,true,,301,1031,1,1,399,0,0
1491467524956,940,HTTPtxt导入下注请求,200,OK,jp@gc - Stepping Thread Group 1-1,text,true,,301,1031,1,1,940,0,0
1491467526095,320,HTTPtxt导入下注请求,200,OK,jp@gc - Stepping Thread Group 1-1,text,true,,301,1029,1,1,320,0,3
1491467526616,482,HTTPtxt导入下注请求,200,OK,jp@gc - Stepping Thread Group 1-1,text,true,,301,1030,1,1,482,0,0
1491467527298,486,HTTPtxt导入下注请求,200,OK,jp@gc - Stepping Thread Group 1-1,text,true,,301,1028,1,1,486,0,0
1491467527983,325,HTTPtxt导入下注请求,200,OK,jp@gc - Stepping Thread Group 1-1,text,true,,301,1028,1,1,325,0,0
1491467528508,376,HTTPtxt导入下注请求,200,OK,jp@gc - Stepping Thread Group 1-1,text,true,,301,1028,1,1,376,0,1
1491467529085,371,HTTPtxt导入下注请求,200,OK,jp@gc - Stepping Thread Group 1-1,text,true,,301,1029,1,1,371,0,0
1491467529656,261,HTTPtxt导入下注请求,200,OK,jp@gc - Stepping Thread Group 1-1,text,true,,301,1028,1,1,261,0,0
1491467530117,1907,HTTPtxt导入下注请求,200,OK,jp@gc - Stepping Thread Group 1-1,text,true,,301,1031,1,1,1907,0,0
1491467532226,176,HTTPtxt导入下注请求,200,OK,jp@gc - Stepping Thread Group 1-1,text,true,,301,1032,1,1,176,0,2
1491467532602,293,HTTPtxt导入下注请求,200,OK,jp@gc - Stepping Thread Group 1-1,text,true,,301,1028,1,1,293,0,0
1491467533095,175,HTTPtxt导入下注请求,200,OK,jp@gc - Stepping Thread Group 1-1,text,true,,301,1031,1,1,175,0,0
1491467533470,219,HTTPtxt导入下注请求,200,OK,jp@gc - Stepping Thread Group 1-1,text,true,,301,1029,1,1,219,0,0
1491467533889,177,HTTPtxt导入下注请求,200,OK,jp@gc - Stepping Thread Group 1-1,text,true,,301,1029,1,1,177,0,0
1491467534267,228,HTTPtxt导入下注请求,200,OK,jp@gc - Stepping Thread Group 1-1,text,true,,301,1032,1,1,228,0,2
1491467534696,231,HTTPtxt导入下注请求,200,OK,jp@gc - Stepping Thread Group 1-1,text,true,,301,1028,1,1,231,0,0
1491467535128,187,HTTPtxt导入下注请求,200,OK,jp@gc - Stepping Thread Group 1-1,text,true,,301,1031,1,1,187,0,0
1491467535516,180,HTTPtxt导入下注请求,200,OK,jp@gc - Stepping Thread Group 1-1,text,true,,301,1027,1,1,180,0,0
1491467535897,276,HTTPtxt导入下注请求,200,OK,jp@gc - Stepping Thread Group 1-1,text,true,,301,1032,1,1,276,0,0
1491467536373,261,HTTPtxt导入下注请求,200,OK,jp@gc - Stepping Thread Group 1-1,text,true,,301,1030,1,1,261,0,1
1491467536835,453,HTTPtxt导入下注请求,200,OK,jp@gc - Stepping Thread Group 1-1,text,true,,301,1030,1,1,453,0,0
1491467537488,195,HTTPtxt导入下注请求,200,OK,jp@gc - Stepping Thread Group 1-1,text,true,,301,1029,1,1,195,0,0
1491470724688,12,HTTP登录请求,200,OK,jp@gc - Stepping Thread Group 1-1,text,true,,340,238,1,1,12,0,1
1491470724801,22,HTTP 获取Agreement请求,200,OK,jp@gc - Stepping Thread Group 1-1,text,true,,268,275,1,1,22,0,0
1491470726323,240,HTTPtxt导入下注请求,200,OK,jp@gc - Stepping Thread Group 1-1,text,true,,301,972,1,1,240,0,0
1491470726970,225,HTTPtxt导入下注请求,200,OK,jp@gc - Stepping Thread Group 1-1,text,true,,301,1027,1,1,225,0,0
1491470728262,184,HTTPtxt导入下注请求,200,OK,jp@gc - Stepping Thread Group 1-1,text,true,,301,1026,1,1,184,0,0
1491470728646,233,HTTPtxt导入下注请求,200,OK,jp@gc - Stepping Thread Group 1-1,text,true,,301,1026,1,1,233,0,0
1491470729079,331,HTTPtxt导入下注请求,200,OK,jp@gc - Stepping Thread Group 1-1,text,true,,301,1030,1,1,331,0,1
1491470729611,52,HTTPtxt导入下注请求,200,OK,jp@gc - Stepping Thread Group 1-1,text,true,,301,1028,1,1,52,0,0
1491470729863,204,HTTPtxt导入下注请求,200,OK,jp@gc - Stepping Thread Group 1-1,text,true,,301,1029,1,1,204,0,0
1491470730268,105,HTTPtxt导入下注请求,200,OK,jp@gc - Stepping Thread Group 1-1,text,true,,301,1027,1,1,105,0,0
1491470730573,337,HTTPtxt导入下注请求,200,OK,jp@gc - Stepping Thread Group 1-1,text,true,,301,1029,1,1,337,0,0
1491470731110,233,HTTPtxt导入下注请求,200,OK,jp@gc - Stepping Thread Group 1-1,text,true,,301,1028,1,1,233,0,1
1491470731544,87,HTTPtxt导入下注请求,200,OK,jp@gc - Stepping Thread Group 1-1,text,true,,301,1029,1,1,87,0,0
1491470731832,70,HTTPtxt导入下注请求,200,OK,jp@gc - Stepping Thread Group 1-1,text,true,,301,1027,1,1,70,0,0
1491470732102,169,HTTPtxt导入下注请求,200,OK,jp@gc - Stepping Thread Group 1-1,text,true,,301,1026,1,1,168,0,0
1491470732471,70,HTTPtxt导入下注请求,200,OK,jp@gc - Stepping Thread Group 1-1,text,true,,301,1030,1,1,70,0,0
1491470732742,294,HTTPtxt导入下注请求,200,OK,jp@gc - Stepping Thread Group 1-1,text,true,,301,1030,1,1,294,0,0
1491470733237,190,HTTPtxt导入下注请求,200,OK,jp@gc - Stepping Thread Group 1-1,text,true,,301,1029,1,1,190,0,2
1491470733628,439,HTTPtxt导入下注请求,200,OK,jp@gc - Stepping Thread Group 1-1,text,true,,301,1028,1,1,439,0,0
1491470734267,175,HTTPtxt导入下注请求,200,OK,jp@gc - Stepping Thread Group 1-1,text,true,,301,1026,1,1,175,0,0
1491470734642,94,HTTPtxt导入下注请求,200,OK,jp@gc - Stepping Thread Group 1-1,text,true,,301,1027,1,1,94,0,0
1491471136382,46,HTTP登录请求,200,OK,jp@gc - Stepping Thread Group 1-1,text,true,,340,238,1,1,46,0,1
1491471136529,150,HTTP 获取Agreement请求,200,OK,jp@gc - Stepping Thread Group 1-1,text,true,,268,275,1,1,150,0,0
1491471137644,105,HTTPtxt导入下注请求,200,OK,jp@gc - Stepping Thread Group 1-1,text,true,,301,973,1,1,105,0,0
1491471138155,238,HTTPtxt导入下注请求,200,OK,jp@gc - Stepping Thread Group 1-1,text,true,,301,1028,1,1,238,0,0
1491471139700,177,HTTPtxt导入下注请求,200,OK,jp@gc - Stepping Thread Group 1-1,text,true,,301,1027,1,1,177,0,0
1491471140077,126,HTTPtxt导入下注请求,200,OK,jp@gc - Stepping Thread Group 1-1,text,true,,301,1027,1,1,126,0,0
1491471140403,67,HTTPtxt导入下注请求,200,OK,jp@gc - Stepping Thread Group 1-1,text,true,,301,1031,1,1,67,0,0
1491471140670,86,HTTPtxt导入下注请求,200,OK,jp@gc - Stepping Thread Group 1-1,text,true,,301,1029,1,1,86,0,2
1491471140956,116,HTTPtxt导入下注请求,200,OK,jp@gc - Stepping Thread Group 1-1,text,true,,301,1030,1,1,116,0,0
1491471141272,433,HTTPtxt导入下注请求,200,OK,jp@gc - Stepping Thread Group 1-1,text,true,,301,1028,1,1,433,0,0
1491471141906,220,HTTPtxt导入下注请求,200,OK,jp@gc - Stepping Thread Group 1-1,text,true,,301,1030,1,1,220,0,0
1491471142326,226,HTTPtxt导入下注请求,200,OK,jp@gc - Stepping Thread Group 1-1,text,true,,301,1029,1,1,226,0,0
1491471220899,175,HTTP登录请求,200,OK,jp@gc - Stepping Thread Group 1-1,text,true,,340,238,1,1,175,0,1
1491471221174,7,HTTP 获取Agreement请求,200,OK,jp@gc - Stepping Thread Group 1-1,text,true,,268,275,1,1,7,0,0
1491471221923,328,HTTPtxt导入下注请求,200,OK,jp@gc - Stepping Thread Group 1-1,text,true,,301,973,1,1,328,0,0
1491471222783,202,HTTPtxt导入下注请求,200,OK,jp@gc - Stepping Thread Group 1-1,text,true,,301,1028,1,1,202,0,0
1491471223919,287,HTTPtxt导入下注请求,200,OK,jp@gc - Stepping Thread Group 1-1,text,true,,301,1027,1,1,287,0,0
1491471224407,270,HTTPtxt导入下注请求,200,OK,jp@gc - Stepping Thread Group 1-1,text,true,,301,1027,1,1,270,0,0
1491471224856,223,HTTPtxt导入下注请求,200,OK,jp@gc - Stepping Thread Group 1-1,text,true,,301,1031,1,1,223,0,0
1491471413175,17,HTTP登录请求,200,OK,jp@gc - Stepping Thread Group 1-1,text,true,,340,238,1,1,17,0,1
1491471413293,102,HTTP 获取Agreement请求,200,OK,jp@gc - Stepping Thread Group 1-1,text,true,,268,275,1,1,102,0,0
1491471414407,77,HTTPtxt导入下注请求,200,OK,jp@gc - Stepping Thread Group 1-1,text,true,,301,973,1,1,77,0,0
1491471414906,281,HTTPtxt导入下注请求,200,OK,jp@gc - Stepping Thread Group 1-1,text,true,,301,1028,1,1,281,0,0
1491471416225,253,HTTPtxt导入下注请求,200,OK,jp@gc - Stepping Thread Group 1-1,text,true,,301,1027,1,1,253,0,0
1491471416679,257,HTTPtxt导入下注请求,200,OK,jp@gc - Stepping Thread Group 1-1,text,true,,301,1027,1,1,257,0,0
1491471417136,231,HTTPtxt导入下注请求,200,OK,jp@gc - Stepping Thread Group 1-1,text,true,,301,1031,1,1,231,0,0
1491471417567,207,HTTPtxt导入下注请求,200,OK,jp@gc - Stepping Thread Group 1-1,text,true,,301,1029,1,1,207,0,0
1491471417974,322,HTTPtxt导入下注请求,200,OK,jp@gc - Stepping Thread Group 1-1,text,true,,301,1030,1,1,322,0,0
1491471418497,221,HTTPtxt导入下注请求,200,OK,jp@gc - Stepping Thread Group 1-1,text,true,,301,1028,1,1,221,0,0
1491471418918,76,HTTPtxt导入下注请求,200,OK,jp@gc - Stepping Thread Group 1-1,text,true,,301,1030,1,1,76,0,0
1491471419194,243,HTTPtxt导入下注请求,200,OK,jp@gc - Stepping Thread Group 1-1,text,true,,301,1029,1,1,243,0,0
1491471419637,175,HTTPtxt导入下注请求,200,OK,jp@gc - Stepping Thread Group 1-1,text,true,,301,1030,1,1,175,0,1
1491471420012,378,HTTPtxt导入下注请求,200,OK,jp@gc - Stepping Thread Group 1-1,text,true,,301,1028,1,1,378,0,0
1491471420589,316,HTTPtxt导入下注请求,200,OK,jp@gc - Stepping Thread Group 1-1,text,true,,301,1027,1,1,316,0,0
1491471421106,315,HTTPtxt导入下注请求,200,OK,jp@gc - Stepping Thread Group 1-1,text,true,,301,1031,1,1,315,0,0
1491471421621,224,HTTPtxt导入下注请求,200,OK,jp@gc - Stepping Thread Group 1-1,text,true,,301,1031,1,1,224,0,0
1491471422046,324,HTTPtxt导入下注请求,200,OK,jp@gc - Stepping Thread Group 1-1,text,true,,301,1030,1,1,324,0,1
1491471422570,209,HTTPtxt导入下注请求,200,OK,jp@gc - Stepping Thread Group 1-1,text,true,,301,1029,1,1,209,0,0
1491471422979,458,HTTPtxt导入下注请求,200,OK,jp@gc - Stepping Thread Group 1-1,text,true,,301,1027,1,1,458,0,0
1491471423638,346,HTTPtxt导入下注请求,200,OK,jp@gc - Stepping Thread Group 1-1,text,true,,301,1028,1,1,346,0,0
1491471424184,119,HTTPtxt导入下注请求,200,OK,jp@gc - Stepping Thread Group 1-1,text,true,,301,1029,1,1,119,0,2
1491471424503,53,HTTPtxt导入下注请求,200,OK,jp@gc - Stepping Thread Group 1-1,text,true,,301,1030,1,1,53,0,0
1491471426844,6,HTTP登录请求,200,OK,jp@gc - Stepping Thread Group 1-1,text,true,,340,238,1,1,6,0,1
1491471426950,177,HTTP 获取Agreement请求,200,OK,jp@gc - Stepping Thread Group 1-1,text,true,,268,275,1,1,177,0,0
1491471435671,187,HTTPtxt导入下注请求,200,OK,jp@gc - Stepping Thread Group 1-1,text,true,,301,1028,1,1,187,0,0
1491471436058,70,HTTPtxt导入下注请求,200,OK,jp@gc - Stepping Thread Group 1-1,text,true,,301,1029,1,1,70,0,0
1491471436328,295,HTTPtxt导入下注请求,200,OK,jp@gc - Stepping Thread Group 1-1,text,true,,301,1031,1,1,295,0,0
1491471436825,331,HTTPtxt导入下注请求,200,OK,jp@gc - Stepping Thread Group 1-1,text,true,,301,1030,1,1,331,0,0
1491471437357,147,HTTPtxt导入下注请求,200,OK,jp@gc - Stepping Thread Group 1-1,text,true,,301,1031,1,1,147,0,0
1491471437704,175,HTTPtxt导入下注请求,200,OK,jp@gc - Stepping Thread Group 1-1,text,true,,301,1030,1,1,175,0,1
1491471438080,95,HTTPtxt导入下注请求,200,OK,jp@gc - Stepping Thread Group 1-1,text,true,,301,1030,1,1,95,0,0
1491471438375,249,HTTPtxt导入下注请求,200,OK,jp@gc - Stepping Thread Group 1-1,text,true,,301,1029,1,1,249,0,0
1491471438825,208,HTTPtxt导入下注请求,200,OK,jp@gc - Stepping Thread Group 1-1,text,true,,301,1031,1,1,208,0,0
1491471439232,377,HTTPtxt导入下注请求,200,OK,jp@gc - Stepping Thread Group 1-1,text,true,,301,1031,1,1,377,0,0
1491471439810,73,HTTPtxt导入下注请求,200,OK,jp@gc - Stepping Thread Group 1-1,text,true,,301,1028,1,1,73,0,1
1491471440083,225,HTTPtxt导入下注请求,200,OK,jp@gc - Stepping Thread Group 1-1,text,true,,301,1029,1,1,225,0,0
1491471440508,122,HTTPtxt导入下注请求,200,OK,jp@gc - Stepping Thread Group 1-1,text,true,,301,1030,1,1,122,0,0
1491471440831,178,HTTPtxt导入下注请求,200,OK,jp@gc - Stepping Thread Group 1-1,text,true,,301,1030,1,1,178,0,0
1491471441209,85,HTTPtxt导入下注请求,200,OK,jp@gc - Stepping Thread Group 1-1,text,true,,301,1029,1,1,85,0,0
1491471441494,833,HTTPtxt导入下注请求,200,OK,jp@gc - Stepping Thread Group 1-1,text,true,,301,1028,1,1,833,0,0
1491471442528,125,HTTPtxt导入下注请求,200,OK,jp@gc - Stepping Thread Group 1-1,text,true,,301,1029,1,1,125,0,1
1491471442853,177,HTTPtxt导入下注请求,200,OK,jp@gc - Stepping Thread Group 1-1,text,true,,301,1030,1,1,177,0,0
1491471443231,175,HTTPtxt导入下注请求,200,OK,jp@gc - Stepping Thread Group 1-1,text,true,,301,1029,1,1,175,0,0
1491471443606,108,HTTPtxt导入下注请求,200,OK,jp@gc - Stepping Thread Group 1-1,text,true,,301,1028,1,1,108,0,0
1491471443915,65,HTTPtxt导入下注请求,200,OK,jp@gc - Stepping Thread Group 1-1,text,true,,301,1029,1,1,65,0,0
1491471444181,118,HTTPtxt导入下注请求,200,OK,jp@gc - Stepping Thread Group 1-1,text,true,,301,1029,1,1,118,0,0
1491471444499,766,HTTPtxt导入下注请求,200,OK,jp@gc - Stepping Thread Group 1-1,text,true,,301,1028,1,1,766,0,0
1491471445466,173,HTTPtxt导入下注请求,200,OK,jp@gc - Stepping Thread Group 1-1,text,true,,301,1031,1,1,173,0,0
1491471445840,550,HTTPtxt导入下注请求,200,OK,jp@gc - Stepping Thread Group 1-1,text,true,,301,1028,1,1,550,0,0
1491471446590,90,HTTPtxt导入下注请求,200,OK,jp@gc - Stepping Thread Group 1-1,text,true,,301,1029,1,1,90,0,0
1491471446881,102,HTTPtxt导入下注请求,200,OK,jp@gc - Stepping Thread Group 1-1,text,true,,301,1031,1,1,102,0,0
1491471447184,90,HTTPtxt导入下注请求,200,OK,jp@gc - Stepping Thread Group 1-1,text,true,,301,1031,1,1,90,0,0
1491471447475,225,HTTPtxt导入下注请求,200,OK,jp@gc - Stepping Thread Group 1-1,text,true,,301,1033,1,1,225,0,1
1491471447901,192,HTTPtxt导入下注请求,200,OK,jp@gc - Stepping Thread Group 1-1,text,true,,301,1028,1,1,192,0,0
1491471448293,173,HTTPtxt导入下注请求,200,OK,jp@gc - Stepping Thread Group 1-1,text,true,,301,1031,1,1,173,0,0
1491471448667,61,HTTPtxt导入下注请求,200,OK,jp@gc - Stepping Thread Group 1-1,text,true,,301,1030,1,1,61,0,0
1491471448928,113,HTTPtxt导入下注请求,200,OK,jp@gc - Stepping Thread Group 1-1,text,true,,301,1030,1,1,113,0,0
1491471449242,210,HTTPtxt导入下注请求,200,OK,jp@gc - Stepping Thread Group 1-1,text,true,,301,1028,1,1,210,0,0
1491471449653,268,HTTPtxt导入下注请求,200,OK,jp@gc - Stepping Thread Group 1-1,text,true,,301,1028,1,1,268,0,1
1491471450121,246,HTTPtxt导入下注请求,200,OK,jp@gc - Stepping Thread Group 1-1,text,true,,301,1029,1,1,246,0,0
1491471450568,206,HTTPtxt导入下注请求,200,OK,jp@gc - Stepping Thread Group 1-1,text,true,,301,1031,1,1,206,0,0
1491471450975,461,HTTPtxt导入下注请求,200,OK,jp@gc - Stepping Thread Group 1-1,text,true,,301,1029,1,1,461,0,0
1491471451637,242,HTTPtxt导入下注请求,200,OK,jp@gc - Stepping Thread Group 1-1,text,true,,301,1030,1,1,242,0,0
1491471452079,77,HTTPtxt导入下注请求,200,OK,jp@gc - Stepping Thread Group 1-1,text,true,,301,1030,1,1,77,0,1
1491471452356,315,HTTPtxt导入下注请求,200,OK,jp@gc - Stepping Thread Group 1-1,text,true,,301,1030,1,1,315,0,0
1491471452871,269,HTTPtxt导入下注请求,200,OK,jp@gc - Stepping Thread Group 1-1,text,true,,301,1030,1,1,269,0,0
1491471453341,189,HTTPtxt导入下注请求,200,OK,jp@gc - Stepping Thread Group 1-1,text,true,,301,1028,1,1,189,0,0
1491471453731,269,HTTPtxt导入下注请求,200,OK,jp@gc - Stepping Thread Group 1-1,text,true,,301,1031,1,1,269,0,0
1491471454200,237,HTTPtxt导入下注请求,200,OK,jp@gc - Stepping Thread Group 1-1,text,true,,301,1030,1,1,237,0,1
1491471454637,126,HTTPtxt导入下注请求,200,OK,jp@gc - Stepping Thread Group 1-1,text,true,,301,1029,1,1,126,0,0
1491471454963,395,HTTPtxt导入下注请求,200,OK,jp@gc - Stepping Thread Group 1-1,text,true,,301,1030,1,1,395,0,0
1491471545712,107,HTTP登录请求,200,OK,jp@gc - Stepping Thread Group 1-1,text,true,,340,238,1,1,107,0,1
1491471545920,168,HTTP 获取Agreement请求,200,OK,jp@gc - Stepping Thread Group 1-1,text,true,,268,275,1,1,168,0,0
1491471546289,138,HTTPtxt导入下注请求,200,OK,jp@gc - Stepping Thread Group 1-1,,false,Response was null,204,1031,1,1,138,0,0
1491471546628,138,HTTPtxt导入下注请求,200,OK,jp@gc - Stepping Thread Group 1-1,text,false,"Test failed: text expected to contain /""Status"":1,""Data"":{""CompletedStatus"":1/",276,1034,1,1,138,0,0
1491471546967,422,HTTPtxt导入下注请求,200,OK,jp@gc - Stepping Thread Group 1-1,text,true,,301,973,1,1,422,0,0
1491471547590,161,HTTPtxt导入下注请求,200,OK,jp@gc - Stepping Thread Group 1-1,,false,Response was null,204,1027,1,1,161,0,0
1491471547951,90,HTTPtxt导入下注请求,200,OK,jp@gc - Stepping Thread Group 1-1,text,true,,301,1028,1,1,90,0,1
1491471548242,166,HTTPtxt导入下注请求,200,OK,jp@gc - Stepping Thread Group 1-1,,false,Response was null,204,1030,1,1,166,0,0
1491471548609,188,HTTPtxt导入下注请求,200,OK,jp@gc - Stepping Thread Group 1-1,text,false,"Test failed: text expected to contain /""Status"":1,""Data"":{""CompletedStatus"":1/",276,1032,1,1,188,0,0
1491471548998,25,HTTPtxt导入下注请求,200,OK,jp@gc - Stepping Thread Group 1-1,text,false,"Test failed: text expected to contain /""Status"":1,""Data"":{""CompletedStatus"":1/",341,1031,1,1,25,0,0
1491471549224,107,HTTPtxt导入下注请求,200,OK,jp@gc - Stepping Thread Group 1-1,text,true,,301,1027,1,1,107,0,0
1491471549531,118,HTTPtxt导入下注请求,200,OK,jp@gc - Stepping Thread Group 1-1,text,true,,301,1027,1,1,118,0,0
1491471549850,85,HTTPtxt导入下注请求,200,OK,jp@gc - Stepping Thread Group 1-1,text,true,,301,1031,1,1,85,0,0
1491471669605,21,HTTP登录请求,200,OK,jp@gc - Stepping Thread Group 1-1,text,true,,340,238,1,1,21,0,0
1491471669727,90,HTTP 获取Agreement请求,200,OK,jp@gc - Stepping Thread Group 1-1,text,true,,268,275,1,1,90,0,0
1491471670018,91,HTTPtxt导入下注请求,200,OK,jp@gc - Stepping Thread Group 1-1,,false,Response was null,204,1032,1,1,91,0,0
1491471670309,128,HTTPtxt导入下注请求,200,OK,jp@gc - Stepping Thread Group 1-1,text,false,"Test failed: text expected to contain /""Status"":1,""Data"":{""CompletedStatus"":1/",276,1031,1,1,128,0,0
1491471670637,94,HTTPtxt导入下注请求,200,OK,jp@gc - Stepping Thread Group 1-1,text,false,"Test failed: text expected to contain /""Status"":1,""Data"":{""CompletedStatus"":1/",303,1030,1,1,94,0,0
1491471670931,250,HTTPtxt导入下注请求,200,OK,jp@gc - Stepping Thread Group 1-1,text,true,,301,1025,1,1,250,0,0
1491471671382,149,HTTPtxt导入下注请求,200,OK,jp@gc - Stepping Thread Group 1-1,,false,Response was null,204,1028,1,1,149,0,0
1491471671732,250,HTTPtxt导入下注请求,200,OK,jp@gc - Stepping Thread Group 1-1,text,true,,301,1029,1,1,250,0,1
1491471672182,472,HTTPtxt导入下注请求,200,OK,jp@gc - Stepping Thread Group 1-1,text,true,,301,1030,1,1,472,0,0
1491471672854,57,HTTPtxt导入下注请求,200,OK,jp@gc - Stepping Thread Group 1-1,text,true,,301,1028,1,1,57,0,0
1491471673112,85,HTTPtxt导入下注请求,200,OK,jp@gc - Stepping Thread Group 1-1,text,true,,301,1029,1,1,85,0,0
1491471673397,192,HTTPtxt导入下注请求,200,OK,jp@gc - Stepping Thread Group 1-1,text,true,,301,1031,1,1,192,0,0
1491471673789,74,HTTPtxt导入下注请求,200,OK,jp@gc - Stepping Thread Group 1-1,text,true,,301,1030,1,1,74,0,1
1491472041124,132,HTTP登录请求,200,OK,jp@gc - Stepping Thread Group 1-1,text,true,,340,238,1,1,132,0,1
1491472041356,48,HTTP 获取Agreement请求,200,OK,jp@gc - Stepping Thread Group 1-1,text,true,,268,275,1,1,48,0,0
1491472041606,45,HTTPtxt导入下注请求,200,OK,jp@gc - Stepping Thread Group 1-1,,false,Response was null,204,1032,1,1,45,0,0
1491472041852,20,HTTPtxt导入下注请求,200,OK,jp@gc - Stepping Thread Group 1-1,text,false,"Test failed: text expected to contain /""Status"":1,""Data"":{""CompletedStatus"":1/",276,1031,1,1,20,0,0
1491472042072,50,HTTPtxt导入下注请求,200,OK,jp@gc - Stepping Thread Group 1-1,text,false,"Test failed: text expected to contain /""Status"":1,""Data"":{""CompletedStatus"":1/",303,1030,1,1,50,0,0
1491472042322,25,HTTPtxt导入下注请求,200,OK,jp@gc - Stepping Thread Group 1-1,text,false,"Test failed: text expected to contain /""Status"":1,""Data"":{""CompletedStatus"":1/",341,1027,1,1,25,0,0
1491472042548,136,HTTPtxt导入下注请求,200,OK,jp@gc - Stepping Thread Group 1-1,,false,Response was null,204,1028,1,1,136,0,0
1491472042885,250,HTTPtxt导入下注请求,200,OK,jp@gc - Stepping Thread Group 1-1,text,true,,301,1029,1,1,250,0,0
1491472043335,102,HTTPtxt导入下注请求,200,OK,jp@gc - Stepping Thread Group 1-1,text,true,,301,1030,1,1,102,0,2
1491472043638,262,HTTPtxt导入下注请求,200,OK,jp@gc - Stepping Thread Group 1-1,text,true,,301,1028,1,1,262,0,0
1491472044101,77,HTTPtxt导入下注请求,200,OK,jp@gc - Stepping Thread Group 1-1,text,true,,301,1029,1,1,77,0,0
1491472044379,141,HTTPtxt导入下注请求,200,OK,jp@gc - Stepping Thread Group 1-1,text,true,,301,1031,1,1,141,0,0
1491472044721,149,HTTPtxt导入下注请求,200,OK,jp@gc - Stepping Thread Group 1-1,text,true,,301,1030,1,1,149,0,0
1491472045071,228,HTTPtxt导入下注请求,200,OK,jp@gc - Stepping Thread Group 1-1,text,true,,301,1031,1,1,228,0,0
1491472045500,160,HTTPtxt导入下注请求,200,OK,jp@gc - Stepping Thread Group 1-1,text,true,,301,1030,1,1,160,0,1
1491472045861,187,HTTPtxt导入下注请求,200,OK,jp@gc - Stepping Thread Group 1-1,text,true,,301,1030,1,1,187,0,0
1491472046249,183,HTTPtxt导入下注请求,200,OK,jp@gc - Stepping Thread Group 1-1,text,true,,301,1029,1,1,183,0,0
1491472046632,124,HTTPtxt导入下注请求,200,OK,jp@gc - Stepping Thread Group 1-1,text,true,,301,1031,1,1,124,0,0
1491472046956,62,HTTPtxt导入下注请求,200,OK,jp@gc - Stepping Thread Group 1-1,text,true,,301,1031,1,1,62,0,0
1491472047218,97,HTTPtxt导入下注请求,200,OK,jp@gc - Stepping Thread Group 1-1,text,true,,301,1028,1,1,97,0,0
1491472047515,259,HTTPtxt导入下注请求,200,OK,jp@gc - Stepping Thread Group 1-1,text,true,,301,1029,1,1,259,0,1
1491472047975,182,HTTPtxt导入下注请求,200,OK,jp@gc - Stepping Thread Group 1-1,text,true,,301,1030,1,1,182,0,0
1491472048357,68,HTTPtxt导入下注请求,200,OK,jp@gc - Stepping Thread Group 1-1,text,true,,301,1030,1,1,68,0,0
1491472048625,183,HTTPtxt导入下注请求,200,OK,jp@gc - Stepping Thread Group 1-1,text,true,,301,1029,1,1,183,0,0
1491472049008,167,HTTPtxt导入下注请求,200,OK,jp@gc - Stepping Thread Group 1-1,text,true,,301,1028,1,1,167,0,0
1491472049376,187,HTTPtxt导入下注请求,200,OK,jp@gc - Stepping Thread Group 1-1,text,true,,301,1029,1,1,187,0,0
1491472163068,75,HTTP登录请求,200,OK,jp@gc - Stepping Thread Group 1-1,text,true,,340,238,1,1,75,0,0
1491472163244,150,HTTP 获取Agreement请求,200,OK,jp@gc - Stepping Thread Group 1-1,text,true,,268,275,1,1,150,0,0
1491472163596,14,HTTPtxt导入下注请求,200,OK,jp@gc - Stepping Thread Group 1-1,,false,Response was null,204,1032,1,1,14,0,0
1491472163810,144,HTTPtxt导入下注请求,200,OK,jp@gc - Stepping Thread Group 1-1,text,false,"Test failed: text expected to contain /""Status"":1,""Data"":{""CompletedStatus"":1/",276,1031,1,1,144,0,0
1491472164155,55,HTTPtxt导入下注请求,200,OK,jp@gc - Stepping Thread Group 1-1,text,false,"Test failed: text expected to contain /""Status"":1,""Data"":{""CompletedStatus"":1/",303,1030,1,1,55,0,0
1491472164411,11,HTTPtxt导入下注请求,200,OK,jp@gc - Stepping Thread Group 1-1,text,false,"Test failed: text expected to contain /""Status"":1,""Data"":{""CompletedStatus"":1/",341,1027,1,1,11,0,0
1491472164622,175,HTTPtxt导入下注请求,200,OK,jp@gc - Stepping Thread Group 1-1,,false,Response was null,204,1028,1,1,175,0,0
1491472164998,207,HTTPtxt导入下注请求,200,OK,jp@gc - Stepping Thread Group 1-1,,false,Response was null,204,1030,1,1,207,0,0
1491472165406,186,HTTPtxt导入下注请求,200,OK,jp@gc - Stepping Thread Group 1-1,text,true,,301,1030,1,1,186,0,1
1491472165793,161,HTTPtxt导入下注请求,200,OK,jp@gc - Stepping Thread Group 1-1,text,true,,301,1027,1,1,161,0,0
1491472166155,327,HTTPtxt导入下注请求,200,OK,jp@gc - Stepping Thread Group 1-1,text,true,,301,1029,1,1,327,0,0
1491472166683,299,HTTPtxt导入下注请求,200,OK,jp@gc - Stepping Thread Group 1-1,text,true,,301,1031,1,1,299,0,0
1491472167183,94,HTTPtxt导入下注请求,200,OK,jp@gc - Stepping Thread Group 1-1,text,true,,301,1030,1,1,94,0,0
1491472167477,411,HTTPtxt导入下注请求,200,OK,jp@gc - Stepping Thread Group 1-1,text,true,,301,1031,1,1,411,0,1
1491472168088,201,HTTPtxt导入下注请求,200,OK,jp@gc - Stepping Thread Group 1-1,text,true,,301,1030,1,1,201,0,0
1491472869333,46,HTTP登录请求,200,OK,jp@gc - Stepping Thread Group 1-1,text,true,,371,238,1,1,46,0,1
1491472869479,117,HTTP 获取Agreement请求,200,OK,jp@gc - Stepping Thread Group 1-1,text,true,,391,275,1,1,117,0,0
1491472869797,236,HTTPtxt导入下注请求,200,OK,jp@gc - Stepping Thread Group 1-1,text,false,"Test failed: text expected to contain /""Status"":1,""Data"":{""CompletedStatus"":1/",3794,2052,1,1,173,0,0
1491472870234,20,HTTPtxt导入下注请求,200,OK,jp@gc - Stepping Thread Group 1-1,text,false,"Test failed: text expected to contain /""Status"":1,""Data"":{""CompletedStatus"":1/",3794,2050,1,1,17,0,0
1491472870454,328,HTTPtxt导入下注请求,200,OK,jp@gc - Stepping Thread Group 1-1,text,false,"Test failed: text expected to contain /""Status"":1,""Data"":{""CompletedStatus"":1/",3794,2048,1,1,156,0,0
1491472870982,224,HTTPtxt导入下注请求,200,OK,jp@gc - Stepping Thread Group 1-1,text,false,"Test failed: text expected to contain /""Status"":1,""Data"":{""CompletedStatus"":1/",3794,2042,1,1,127,0,0
1491472871407,6,HTTPtxt导入下注请求,200,OK,jp@gc - Stepping Thread Group 1-1,text,false,"Test failed: text expected to contain /""Status"":1,""Data"":{""CompletedStatus"":1/",3794,2044,1,1,4,0,1
1491472871614,62,HTTPtxt导入下注请求,200,OK,jp@gc - Stepping Thread Group 1-1,text,false,"Test failed: text expected to contain /""Status"":1,""Data"":{""CompletedStatus"":1/",3794,2048,1,1,59,0,0
1491472871877,48,HTTPtxt导入下注请求,200,OK,jp@gc - Stepping Thread Group 1-1,text,false,"Test failed: text expected to contain /""Status"":1,""Data"":{""CompletedStatus"":1/",3794,2048,1,1,45,0,0
1491472872127,79,HTTPtxt导入下注请求,200,OK,jp@gc - Stepping Thread Group 1-1,text,false,"Test failed: text expected to contain /""Status"":1,""Data"":{""CompletedStatus"":1/",3794,2042,1,1,62,0,0
1491472872407,62,HTTPtxt导入下注请求,200,OK,jp@gc - Stepping Thread Group 1-1,text,false,"Test failed: text expected to contain /""Status"":1,""Data"":{""CompletedStatus"":1/",3794,2046,1,1,15,0,0
1491472872669,69,HTTPtxt导入下注请求,200,OK,jp@gc - Stepping Thread Group 1-1,text,false,"Test failed: text expected to contain /""Status"":1,""Data"":{""CompletedStatus"":1/",3794,2050,1,1,66,0,0
1491472872939,95,HTTPtxt导入下注请求,200,OK,jp@gc - Stepping Thread Group 1-1,text,false,"Test failed: text expected to contain /""Status"":1,""Data"":{""CompletedStatus"":1/",3794,2048,1,1,92,0,0
1491472873234,107,HTTPtxt导入下注请求,200,OK,jp@gc - Stepping Thread Group 1-1,text,false,"Test failed: text expected to contain /""Status"":1,""Data"":{""CompletedStatus"":1/",3794,2050,1,1,95,0,0
1491472873541,162,HTTPtxt导入下注请求,200,OK,jp@gc - Stepping Thread Group 1-1,text,false,"Test failed: text expected to contain /""Status"":1,""Data"":{""CompletedStatus"":1/",3794,2048,1,1,131,0,1
1491472873905,302,HTTPtxt导入下注请求,200,OK,jp@gc - Stepping Thread Group 1-1,text,false,"Test failed: text expected to contain /""Status"":1,""Data"":{""CompletedStatus"":1/",3794,2048,1,1,112,0,0
1491472874408,49,HTTPtxt导入下注请求,200,OK,jp@gc - Stepping Thread Group 1-1,text,false,"Test failed: text expected to contain /""Status"":1,""Data"":{""CompletedStatus"":1/",3794,2046,1,1,45,0,0
1491472874658,170,HTTPtxt导入下注请求,200,OK,jp@gc - Stepping Thread Group 1-1,text,false,"Test failed: text expected to contain /""Status"":1,""Data"":{""CompletedStatus"":1/",3794,2050,1,1,14,0,0
1491472875028,311,HTTPtxt导入下注请求,200,OK,jp@gc - Stepping Thread Group 1-1,text,false,"Test failed: text expected to contain /""Status"":1,""Data"":{""CompletedStatus"":1/",3794,2050,1,1,307,0,0
1491472875539,123,HTTPtxt导入下注请求,200,OK,jp@gc - Stepping Thread Group 1-1,text,false,"Test failed: text expected to contain /""Status"":1,""Data"":{""CompletedStatus"":1/",3794,2044,1,1,118,0,0
1491472875863,6,HTTPtxt导入下注请求,200,OK,jp@gc - Stepping Thread Group 1-1,text,false,"Test failed: text expected to contain /""Status"":1,""Data"":{""CompletedStatus"":1/",3794,2046,1,1,3,0,0
1491472876069,12,HTTPtxt导入下注请求,200,OK,jp@gc - Stepping Thread Group 1-1,text,false,"Test failed: text expected to contain /""Status"":1,""Data"":{""CompletedStatus"":1/",3794,2048,1,1,9,0,0
1491472876281,62,HTTPtxt导入下注请求,200,OK,jp@gc - Stepping Thread Group 1-1,text,false,"Test failed: text expected to contain /""Status"":1,""Data"":{""CompletedStatus"":1/",3794,2048,1,1,59,0,0
1491472876542,35,HTTPtxt导入下注请求,200,OK,jp@gc - Stepping Thread Group 1-1,text,false,"Test failed: text expected to contain /""Status"":1,""Data"":{""CompletedStatus"":1/",3794,2046,1,1,3,0,0
1491472876778,53,HTTPtxt导入下注请求,200,OK,jp@gc - Stepping Thread Group 1-1,text,false,"Test failed: text expected to contain /""Status"":1,""Data"":{""CompletedStatus"":1/",3794,2044,1,1,49,0,0
1491472877031,158,HTTPtxt导入下注请求,200,OK,jp@gc - Stepping Thread Group 1-1,text,false,"Test failed: text expected to contain /""Status"":1,""Data"":{""CompletedStatus"":1/",3794,2046,1,1,155,0,0
1491472877390,7,HTTPtxt导入下注请求,200,OK,jp@gc - Stepping Thread Group 1-1,text,false,"Test failed: text expected to contain /""Status"":1,""Data"":{""CompletedStatus"":1/",3794,2048,1,1,4,0,0
1491472877598,229,HTTPtxt导入下注请求,200,OK,jp@gc - Stepping Thread Group 1-1,text,false,"Test failed: text expected to contain /""Status"":1,""Data"":{""CompletedStatus"":1/",3794,2046,1,1,104,0,0
1491472878028,176,HTTPtxt导入下注请求,200,OK,jp@gc - Stepping Thread Group 1-1,text,false,"Test failed: text expected to contain /""Status"":1,""Data"":{""CompletedStatus"":1/",3794,2044,1,1,65,0,0
1491472878404,407,HTTPtxt导入下注请求,200,OK,jp@gc - Stepping Thread Group 1-1,text,false,"Test failed: text expected to contain /""Status"":1,""Data"":{""CompletedStatus"":1/",3794,2046,1,1,205,0,0
1491473234490,7,HTTP登录请求,200,OK,jp@gc - Stepping Thread Group 1-1,text,true,,340,242,1,1,7,0,1
1491473234597,45,HTTP 获取Agreement请求,200,OK,jp@gc - Stepping Thread Group 1-1,text,true,,268,275,1,1,45,0,0
1491473234843,18,HTTPtxt导入下注请求,200,OK,jp@gc - Stepping Thread Group 1-1,,false,Response was null,204,1032,1,1,18,0,0
1491473235061,135,HTTPtxt导入下注请求,200,OK,jp@gc - Stepping Thread Group 1-1,text,false,"Test failed: text expected to contain /""Status"":1,""Data"":{""CompletedStatus"":1/",276,1031,1,1,135,0,0
1491473235397,61,HTTPtxt导入下注请求,200,OK,jp@gc - Stepping Thread Group 1-1,text,false,"Test failed: text expected to contain /""Status"":1,""Data"":{""CompletedStatus"":1/",303,1030,1,1,61,0,0
1491473235659,200,HTTPtxt导入下注请求,200,OK,jp@gc - Stepping Thread Group 1-1,text,true,,301,1027,1,1,200,0,0
1491473236060,80,HTTPtxt导入下注请求,200,OK,jp@gc - Stepping Thread Group 1-1,,false,Response was null,204,1028,1,1,80,0,0
1491473236341,158,HTTPtxt导入下注请求,200,OK,jp@gc - Stepping Thread Group 1-1,,false,Response was null,204,1030,1,1,158,0,0
1491473236698,250,HTTPtxt导入下注请求,200,OK,jp@gc - Stepping Thread Group 1-1,text,true,,301,1030,1,1,250,0,2
1491473237149,223,HTTPtxt导入下注请求,200,OK,jp@gc - Stepping Thread Group 1-1,text,true,,301,1027,1,1,223,0,0
1491473237573,96,HTTPtxt导入下注请求,200,OK,jp@gc - Stepping Thread Group 1-1,text,true,,301,1029,1,1,96,0,0
1491473237870,80,HTTPtxt导入下注请求,200,OK,jp@gc - Stepping Thread Group 1-1,text,true,,301,1031,1,1,80,0,0
1491473238151,172,HTTPtxt导入下注请求,200,OK,jp@gc - Stepping Thread Group 1-1,text,true,,301,1030,1,1,172,0,0
1491473238523,53,HTTPtxt导入下注请求,200,OK,jp@gc - Stepping Thread Group 1-1,text,true,,301,1031,1,1,53,0,0
1491473238776,219,HTTPtxt导入下注请求,200,OK,jp@gc - Stepping Thread Group 1-1,text,true,,301,1030,1,1,219,0,1
1491473239196,241,HTTPtxt导入下注请求,200,OK,jp@gc - Stepping Thread Group 1-1,text,true,,301,1030,1,1,241,0,0
1491473239638,70,HTTPtxt导入下注请求,200,OK,jp@gc - Stepping Thread Group 1-1,text,true,,301,1029,1,1,69,0,0
1491473239908,165,HTTPtxt导入下注请求,200,OK,jp@gc - Stepping Thread Group 1-1,text,true,,301,1031,1,1,165,0,0
1491473240274,104,HTTPtxt导入下注请求,200,OK,jp@gc - Stepping Thread Group 1-1,text,true,,301,1031,1,1,104,0,0
1491473240578,57,HTTPtxt导入下注请求,200,OK,jp@gc - Stepping Thread Group 1-1,text,true,,301,1028,1,1,57,0,0
1491473240836,151,HTTPtxt导入下注请求,200,OK,jp@gc - Stepping Thread Group 1-1,text,true,,301,1029,1,1,151,0,1
1491473241187,230,HTTPtxt导入下注请求,200,OK,jp@gc - Stepping Thread Group 1-1,text,true,,301,1030,1,1,230,0,0
1491473241618,377,HTTPtxt导入下注请求,200,OK,jp@gc - Stepping Thread Group 1-1,text,true,,301,1030,1,1,377,0,0
1491473242195,118,HTTPtxt导入下注请求,200,OK,jp@gc - Stepping Thread Group 1-1,text,true,,301,1029,1,1,118,0,0
1491473242513,123,HTTPtxt导入下注请求,200,OK,jp@gc - Stepping Thread Group 1-1,text,true,,301,1028,1,1,123,0,0
1491473242837,283,HTTPtxt导入下注请求,200,OK,jp@gc - Stepping Thread Group 1-1,text,true,,301,1029,1,1,283,0,1
1491473243321,190,HTTPtxt导入下注请求,200,OK,jp@gc - Stepping Thread Group 1-1,text,true,,301,1030,1,1,190,0,0
1491473243712,205,HTTPtxt导入下注请求,200,OK,jp@gc - Stepping Thread Group 1-1,text,true,,301,1029,1,1,205,0,0
1491473244118,127,HTTPtxt导入下注请求,200,OK,jp@gc - Stepping Thread Group 1-1,text,true,,301,1028,1,1,127,0,0
1491473244446,182,HTTPtxt导入下注请求,200,OK,jp@gc - Stepping Thread Group 1-1,text,true,,301,1029,1,1,182,0,0
1491473244829,57,HTTPtxt导入下注请求,200,OK,jp@gc - Stepping Thread Group 1-1,text,true,,301,1029,1,1,57,0,0
1491473245086,58,HTTPtxt导入下注请求,200,OK,jp@gc - Stepping Thread Group 1-1,text,true,,301,1028,1,1,58,0,1
1491473245345,81,HTTPtxt导入下注请求,200,OK,jp@gc - Stepping Thread Group 1-1,text,true,,301,1031,1,1,81,0,0
1491473245626,221,HTTPtxt导入下注请求,200,OK,jp@gc - Stepping Thread Group 1-1,text,true,,301,1028,1,1,221,0,0
1491473246047,292,HTTPtxt导入下注请求,200,OK,jp@gc - Stepping Thread Group 1-1,text,true,,301,1029,1,1,292,0,0
1491473246539,105,HTTPtxt导入下注请求,200,OK,jp@gc - Stepping Thread Group 1-1,text,true,,301,1031,1,1,105,0,0
1491473246845,93,HTTPtxt导入下注请求,200,OK,jp@gc - Stepping Thread Group 1-1,text,true,,301,1031,1,1,93,0,0
1491473247138,85,HTTPtxt导入下注请求,200,OK,jp@gc - Stepping Thread Group 1-1,text,true,,301,1033,1,1,85,0,1
1491473247423,58,HTTPtxt导入下注请求,200,OK,jp@gc - Stepping Thread Group 1-1,text,true,,301,1028,1,1,58,0,0
1491473247681,57,HTTPtxt导入下注请求,200,OK,jp@gc - Stepping Thread Group 1-1,text,true,,301,1031,1,1,57,0,0
1491473247940,176,HTTPtxt导入下注请求,200,OK,jp@gc - Stepping Thread Group 1-1,text,true,,301,1030,1,1,176,0,0
1491473248317,76,HTTPtxt导入下注请求,200,OK,jp@gc - Stepping Thread Group 1-1,text,true,,301,1030,1,1,76,0,0
1491473248594,230,HTTPtxt导入下注请求,200,OK,jp@gc - Stepping Thread Group 1-1,text,true,,301,1028,1,1,230,0,0
1491473249026,68,HTTPtxt导入下注请求,200,OK,jp@gc - Stepping Thread Group 1-1,text,true,,301,1028,1,1,68,0,0
1491473249295,170,HTTPtxt导入下注请求,200,OK,jp@gc - Stepping Thread Group 1-1,text,true,,301,1029,1,1,170,0,1
1491473249665,93,HTTPtxt导入下注请求,200,OK,jp@gc - Stepping Thread Group 1-1,text,true,,301,1031,1,1,93,0,0
1491473249958,173,HTTPtxt导入下注请求,200,OK,jp@gc - Stepping Thread Group 1-1,text,true,,301,1029,1,1,173,0,0
1491473250333,272,HTTPtxt导入下注请求,200,OK,jp@gc - Stepping Thread Group 1-1,text,true,,301,1030,1,1,272,0,0
1491473250807,61,HTTPtxt导入下注请求,200,OK,jp@gc - Stepping Thread Group 1-1,text,true,,301,1030,1,1,61,0,0
1491473251069,138,HTTPtxt导入下注请求,200,OK,jp@gc - Stepping Thread Group 1-1,text,true,,301,1030,1,1,138,0,0
1491473251407,138,HTTPtxt导入下注请求,200,OK,jp@gc - Stepping Thread Group 1-1,text,true,,301,1030,1,1,138,0,2
1491473251746,72,HTTPtxt导入下注请求,200,OK,jp@gc - Stepping Thread Group 1-1,text,true,,301,1028,1,1,72,0,0
1491473252018,244,HTTPtxt导入下注请求,200,OK,jp@gc - Stepping Thread Group 1-1,text,true,,301,1031,1,1,244,0,0
1491473252463,174,HTTPtxt导入下注请求,200,OK,jp@gc - Stepping Thread Group 1-1,text,true,,301,1030,1,1,174,0,0
1491473252837,60,HTTPtxt导入下注请求,200,OK,jp@gc - Stepping Thread Group 1-1,text,true,,301,1029,1,1,59,0,0
1491473253098,148,HTTPtxt导入下注请求,200,OK,jp@gc - Stepping Thread Group 1-1,text,true,,301,1030,1,1,148,0,0
1491473253447,552,HTTPtxt导入下注请求,200,OK,jp@gc - Stepping Thread Group 1-1,text,true,,301,1028,1,1,552,0,1
1491473254199,111,HTTPtxt导入下注请求,200,OK,jp@gc - Stepping Thread Group 1-1,text,true,,301,1030,1,1,111,0,0
1491473254510,314,HTTPtxt导入下注请求,200,OK,jp@gc - Stepping Thread Group 1-1,text,true,,301,1031,1,1,314,0,0
1491473255025,69,HTTPtxt导入下注请求,200,OK,jp@gc - Stepping Thread Group 1-1,text,true,,301,1027,1,1,69,0,0
1491473255295,201,HTTPtxt导入下注请求,200,OK,jp@gc - Stepping Thread Group 1-1,text,true,,301,1028,1,1,201,0,0
1491473255697,150,HTTPtxt导入下注请求,200,OK,jp@gc - Stepping Thread Group 1-1,text,true,,301,1032,1,1,150,0,1
1491473256048,948,HTTPtxt导入下注请求,200,OK,jp@gc - Stepping Thread Group 1-1,text,true,,301,1028,1,1,948,0,0
1491473257197,203,HTTPtxt导入下注请求,200,OK,jp@gc - Stepping Thread Group 1-1,text,true,,301,1031,1,1,203,0,0
1491473257601,301,HTTPtxt导入下注请求,200,OK,jp@gc - Stepping Thread Group 1-1,text,true,,301,1031,1,1,301,0,0
1491473258103,102,HTTPtxt导入下注请求,200,OK,jp@gc - Stepping Thread Group 1-1,text,true,,301,1028,1,1,102,0,0
1491473258406,168,HTTPtxt导入下注请求,200,OK,jp@gc - Stepping Thread Group 1-1,text,true,,301,1030,1,1,168,0,0
1491473258775,73,HTTPtxt导入下注请求,200,OK,jp@gc - Stepping Thread Group 1-1,text,true,,301,1031,1,1,73,0,0
1491473259049,291,HTTPtxt导入下注请求,200,OK,jp@gc - Stepping Thread Group 1-1,text,true,,301,1029,1,1,291,0,0
1491473259540,82,HTTPtxt导入下注请求,200,OK,jp@gc - Stepping Thread Group 1-1,text,true,,301,1030,1,1,82,0,0
1491473259823,173,HTTPtxt导入下注请求,200,OK,jp@gc - Stepping Thread Group 1-1,text,true,,301,1030,1,1,173,0,0
1491473260196,331,HTTPtxt导入下注请求,200,OK,jp@gc - Stepping Thread Group 1-1,text,true,,301,1030,1,1,331,0,1
1491473260728,237,HTTPtxt导入下注请求,200,OK,jp@gc - Stepping Thread Group 1-1,text,true,,301,1028,1,1,237,0,0
1491473261165,81,HTTPtxt导入下注请求,200,OK,jp@gc - Stepping Thread Group 1-1,text,true,,301,1031,1,1,81,0,0
1491473261447,90,HTTPtxt导入下注请求,200,OK,jp@gc - Stepping Thread Group 1-1,text,true,,301,1029,1,1,90,0,0
1491473261737,125,HTTPtxt导入下注请求,200,OK,jp@gc - Stepping Thread Group 1-1,text,true,,301,1029,1,1,125,0,0
1491473262063,68,HTTPtxt导入下注请求,200,OK,jp@gc - Stepping Thread Group 1-1,text,true,,301,1029,1,1,68,0,0
1491473262332,56,HTTPtxt导入下注请求,200,OK,jp@gc - Stepping Thread Group 1-1,text,true,,301,1028,1,1,56,0,2
1491473262588,74,HTTPtxt导入下注请求,200,OK,jp@gc - Stepping Thread Group 1-1,text,true,,301,1029,1,1,74,0,0
1491473262862,80,HTTPtxt导入下注请求,200,OK,jp@gc - Stepping Thread Group 1-1,text,true,,301,1029,1,1,80,0,0
1491473263142,101,HTTPtxt导入下注请求,200,OK,jp@gc - Stepping Thread Group 1-1,text,true,,301,1030,1,1,101,0,0
1491473263444,107,HTTPtxt导入下注请求,200,OK,jp@gc - Stepping Thread Group 1-1,text,true,,301,1029,1,1,107,0,0
1491473263752,90,HTTPtxt导入下注请求,200,OK,jp@gc - Stepping Thread Group 1-1,text,true,,301,1029,1,1,90,0,0
1491473264043,118,HTTPtxt导入下注请求,200,OK,jp@gc - Stepping Thread Group 1-1,text,true,,301,1029,1,1,118,0,0
1491473264362,75,HTTPtxt导入下注请求,200,OK,jp@gc - Stepping Thread Group 1-1,text,true,,301,1027,1,1,75,0,1
1491473264638,58,HTTPtxt导入下注请求,200,OK,jp@gc - Stepping Thread Group 1-1,text,true,,301,1027,1,1,58,0,0
1491473264897,193,HTTPtxt导入下注请求,200,OK,jp@gc - Stepping Thread Group 1-1,text,true,,301,1030,1,1,193,0,0
1491473265289,87,HTTPtxt导入下注请求,200,OK,jp@gc - Stepping Thread Group 1-1,text,true,,301,1031,1,1,87,0,0
1491473265577,209,HTTPtxt导入下注请求,200,OK,jp@gc - Stepping Thread Group 1-1,text,true,,301,1030,1,1,209,0,0
1491473265986,197,HTTPtxt导入下注请求,200,OK,jp@gc - Stepping Thread Group 1-1,text,true,,301,1028,1,1,197,0,0
1491473266385,82,HTTPtxt导入下注请求,200,OK,jp@gc - Stepping Thread Group 1-1,text,true,,301,1029,1,1,82,0,0
1491473266668,281,HTTPtxt导入下注请求,200,OK,jp@gc - Stepping Thread Group 1-1,text,true,,301,1028,1,1,281,0,0
1491473267150,152,HTTPtxt导入下注请求,200,OK,jp@gc - Stepping Thread Group 1-1,text,true,,301,1027,1,1,152,0,0
1491473267503,165,HTTPtxt导入下注请求,200,OK,jp@gc - Stepping Thread Group 1-1,text,true,,301,1031,1,1,165,0,0
1491473267868,149,HTTPtxt导入下注请求,200,OK,jp@gc - Stepping Thread Group 1-1,text,true,,301,1030,1,1,149,0,0
1491473268217,99,HTTPtxt导入下注请求,200,OK,jp@gc - Stepping Thread Group 1-1,text,true,,301,1028,1,1,99,0,0
1491473268517,338,HTTPtxt导入下注请求,200,OK,jp@gc - Stepping Thread Group 1-1,text,true,,301,1029,1,1,338,0,1
1491473269056,54,HTTPtxt导入下注请求,200,OK,jp@gc - Stepping Thread Group 1-1,text,true,,301,1026,1,1,54,0,0
1491473269310,186,HTTPtxt导入下注请求,200,OK,jp@gc - Stepping Thread Group 1-1,text,true,,301,1029,1,1,186,0,0
1491473269696,140,HTTPtxt导入下注请求,200,OK,jp@gc - Stepping Thread Group 1-1,text,true,,301,1028,1,1,140,0,0
1491473270036,110,HTTPtxt导入下注请求,200,OK,jp@gc - Stepping Thread Group 1-1,text,true,,301,1031,1,1,110,0,0
1491473270347,290,HTTPtxt导入下注请求,200,OK,jp@gc - Stepping Thread Group 1-1,text,true,,301,1028,1,1,289,0,0
1491473270837,59,HTTPtxt导入下注请求,200,OK,jp@gc - Stepping Thread Group 1-1,text,true,,301,1030,1,1,59,0,2
1491473271097,138,HTTPtxt导入下注请求,200,OK,jp@gc - Stepping Thread Group 1-1,text,true,,301,1029,1,1,138,0,0
1491473271436,49,HTTPtxt导入下注请求,200,OK,jp@gc - Stepping Thread Group 1-1,text,true,,301,1030,1,1,49,0,0
1491473271686,200,HTTPtxt导入下注请求,200,OK,jp@gc - Stepping Thread Group 1-1,text,true,,301,1028,1,1,200,0,0
1491473272087,170,HTTPtxt导入下注请求,200,OK,jp@gc - Stepping Thread Group 1-1,text,true,,301,1028,1,1,170,0,0
1491473272458,198,HTTPtxt导入下注请求,200,OK,jp@gc - Stepping Thread Group 1-1,text,true,,301,1028,1,1,198,0,0
1491473272857,113,HTTPtxt导入下注请求,200,OK,jp@gc - Stepping Thread Group 1-1,text,true,,301,1030,1,1,113,0,2
1491473273170,326,HTTPtxt导入下注请求,200,OK,jp@gc - Stepping Thread Group 1-1,text,true,,301,1029,1,1,326,0,0
1491473273697,60,HTTPtxt导入下注请求,200,OK,jp@gc - Stepping Thread Group 1-1,text,true,,301,1029,1,1,60,0,0
1491473273958,288,HTTPtxt导入下注请求,200,OK,jp@gc - Stepping Thread Group 1-1,text,true,,301,1027,1,1,288,0,0
1491473274447,55,HTTPtxt导入下注请求,200,OK,jp@gc - Stepping Thread Group 1-1,text,true,,301,1028,1,1,55,0,0
1491473274702,91,HTTPtxt导入下注请求,200,OK,jp@gc - Stepping Thread Group 1-1,text,true,,301,1027,1,1,91,0,0
1491473274993,231,HTTPtxt导入下注请求,200,OK,jp@gc - Stepping Thread Group 1-1,text,true,,301,1031,1,1,231,0,1
1491473275425,164,HTTPtxt导入下注请求,200,OK,jp@gc - Stepping Thread Group 1-1,text,true,,301,1027,1,1,164,0,0
1491473275790,59,HTTPtxt导入下注请求,200,OK,jp@gc - Stepping Thread Group 1-1,text,true,,301,1028,1,1,59,0,0
1491473276050,80,HTTPtxt导入下注请求,200,OK,jp@gc - Stepping Thread Group 1-1,text,true,,301,1030,1,1,80,0,0
1491473276330,52,HTTPtxt导入下注请求,200,OK,jp@gc - Stepping Thread Group 1-1,text,true,,301,1032,1,1,52,0,0
1491473276582,126,HTTPtxt导入下注请求,200,OK,jp@gc - Stepping Thread Group 1-1,text,true,,301,1029,1,1,126,0,0
1491473276909,108,HTTPtxt导入下注请求,200,OK,jp@gc - Stepping Thread Group 1-1,text,true,,301,1029,1,1,108,0,0
1491473277218,99,HTTPtxt导入下注请求,200,OK,jp@gc - Stepping Thread Group 1-1,text,true,,301,1029,1,1,99,0,1
1491473277518,123,HTTPtxt导入下注请求,200,OK,jp@gc - Stepping Thread Group 1-1,text,true,,301,1030,1,1,123,0,0
1491473277841,236,HTTPtxt导入下注请求,200,OK,jp@gc - Stepping Thread Group 1-1,text,true,,301,1030,1,1,236,0,0
1491473278278,176,HTTPtxt导入下注请求,200,OK,jp@gc - Stepping Thread Group 1-1,text,true,,301,1030,1,1,176,0,0
1491473278654,420,HTTPtxt导入下注请求,200,OK,jp@gc - Stepping Thread Group 1-1,text,true,,301,1034,1,1,420,0,0
1491473279274,126,HTTPtxt导入下注请求,200,OK,jp@gc - Stepping Thread Group 1-1,text,true,,301,1028,1,1,126,0,1
1491473279600,177,HTTPtxt导入下注请求,200,OK,jp@gc - Stepping Thread Group 1-1,text,true,,301,1032,1,1,177,0,0
1491473279978,174,HTTPtxt导入下注请求,200,OK,jp@gc - Stepping Thread Group 1-1,text,true,,301,1031,1,1,174,0,0
1491473280352,175,HTTPtxt导入下注请求,200,OK,jp@gc - Stepping Thread Group 1-1,text,true,,301,1031,1,1,175,0,0
1491473280728,252,HTTPtxt导入下注请求,200,OK,jp@gc - Stepping Thread Group 1-1,text,true,,301,1029,1,1,252,0,0
1491473281181,62,HTTPtxt导入下注请求,200,OK,jp@gc - Stepping Thread Group 1-1,text,true,,301,1030,1,1,62,0,0
1491473281445,176,HTTPtxt导入下注请求,200,OK,jp@gc - Stepping Thread Group 1-1,text,true,,301,1028,1,1,176,0,2
1491473281822,173,HTTPtxt导入下注请求,200,OK,jp@gc - Stepping Thread Group 1-1,text,true,,301,1028,1,1,173,0,0
1491473282195,57,HTTPtxt导入下注请求,200,OK,jp@gc - Stepping Thread Group 1-1,text,true,,301,1028,1,1,57,0,0
1491473282453,168,HTTPtxt导入下注请求,200,OK,jp@gc - Stepping Thread Group 1-1,text,true,,301,1029,1,1,168,0,0
1491473282821,58,HTTPtxt导入下注请求,200,OK,jp@gc - Stepping Thread Group 1-1,text,true,,301,1028,1,1,58,0,0
1491473283080,166,HTTPtxt导入下注请求,200,OK,jp@gc - Stepping Thread Group 1-1,text,true,,301,1031,1,1,166,0,0
1491473283447,54,HTTPtxt导入下注请求,200,OK,jp@gc - Stepping Thread Group 1-1,text,true,,301,1032,1,1,54,0,1
1491473283702,118,HTTPtxt导入下注请求,200,OK,jp@gc - Stepping Thread Group 1-1,text,true,,301,1028,1,1,118,0,0
1491473284021,318,HTTPtxt导入下注请求,200,OK,jp@gc - Stepping Thread Group 1-1,text,true,,301,1031,1,1,318,0,0
1491473284540,284,HTTPtxt导入下注请求,200,OK,jp@gc - Stepping Thread Group 1-1,text,true,,301,1029,1,1,284,0,0
1491473285025,174,HTTPtxt导入下注请求,200,OK,jp@gc - Stepping Thread Group 1-1,text,true,,301,1029,1,1,174,0,0
1491473285400,135,HTTPtxt导入下注请求,200,OK,jp@gc - Stepping Thread Group 1-1,text,true,,301,1032,1,1,135,0,0
1491473285736,111,HTTPtxt导入下注请求,200,OK,jp@gc - Stepping Thread Group 1-1,text,true,,301,1028,1,1,111,0,1
1491473286048,85,HTTPtxt导入下注请求,200,OK,jp@gc - Stepping Thread Group 1-1,text,true,,301,1031,1,1,85,0,0
1491473286333,81,HTTPtxt导入下注请求,200,OK,jp@gc - Stepping Thread Group 1-1,text,true,,301,1027,1,1,81,0,0
1491473286614,179,HTTPtxt导入下注请求,200,OK,jp@gc - Stepping Thread Group 1-1,text,true,,301,1032,1,1,179,0,0
1491473286993,89,HTTPtxt导入下注请求,200,OK,jp@gc - Stepping Thread Group 1-1,text,true,,301,1030,1,1,89,0,0
1491473287282,182,HTTPtxt导入下注请求,200,OK,jp@gc - Stepping Thread Group 1-1,text,true,,301,1030,1,1,182,0,0
1491473287665,62,HTTPtxt导入下注请求,200,OK,jp@gc - Stepping Thread Group 1-1,text,true,,301,1029,1,1,62,0,0
1491473287928,271,HTTPtxt导入下注请求,200,OK,jp@gc - Stepping Thread Group 1-1,text,true,,301,1029,1,1,271,0,1
1491473288400,283,HTTPtxt导入下注请求,200,OK,jp@gc - Stepping Thread Group 1-1,text,true,,301,1031,1,1,283,0,0
1491473424263,126,HTTP登录请求,200,OK,jp@gc - Stepping Thread Group 1-1,text,true,,340,242,1,1,126,0,1
1491473424490,102,HTTP 获取Agreement请求,200,OK,jp@gc - Stepping Thread Group 1-1,text,true,,268,275,1,1,102,0,0
1491473424793,16,HTTPtxt导入下注请求,200,OK,jp@gc - Stepping Thread Group 1-1,,false,Response was null,204,1032,1,1,16,0,0
1491473425010,174,HTTPtxt导入下注请求,200,OK,jp@gc - Stepping Thread Group 1-1,text,false,"Test failed: text expected to contain /""Status"":1,""Data"":{""CompletedStatus"":1/",276,1031,1,1,174,0,0
1491473425385,174,HTTPtxt导入下注请求,200,OK,jp@gc - Stepping Thread Group 1-1,text,false,"Test failed: text expected to contain /""Status"":1,""Data"":{""CompletedStatus"":1/",303,1030,1,1,174,0,0
1491473425759,42,HTTPtxt导入下注请求,200,OK,jp@gc - Stepping Thread Group 1-1,text,false,"Test failed: text expected to contain /""Status"":1,""Data"":{""CompletedStatus"":1/",343,1028,1,1,42,0,0
1491473426003,56,HTTPtxt导入下注请求,200,OK,jp@gc - Stepping Thread Group 1-1,,false,Response was null,204,1028,1,1,56,0,0
1491473426260,6,HTTPtxt导入下注请求,200,OK,jp@gc - Stepping Thread Group 1-1,,false,Response was null,204,1030,1,1,6,0,0
1491473426467,355,HTTPtxt导入下注请求,200,OK,jp@gc - Stepping Thread Group 1-1,text,true,,301,1030,1,1,355,0,2
1491473427022,113,HTTPtxt导入下注请求,200,OK,jp@gc - Stepping Thread Group 1-1,text,true,,301,1027,1,1,113,0,0
1491473427335,120,HTTPtxt导入下注请求,200,OK,jp@gc - Stepping Thread Group 1-1,text,true,,301,1029,1,1,120,0,0
1491473427655,66,HTTPtxt导入下注请求,200,OK,jp@gc - Stepping Thread Group 1-1,text,true,,301,1031,1,1,66,0,0
1491473427921,66,HTTPtxt导入下注请求,200,OK,jp@gc - Stepping Thread Group 1-1,text,true,,301,1030,1,1,66,0,0
1491473428188,228,HTTPtxt导入下注请求,200,OK,jp@gc - Stepping Thread Group 1-1,text,true,,301,1031,1,1,228,0,0
1491473428616,121,HTTPtxt导入下注请求,200,OK,jp@gc - Stepping Thread Group 1-1,text,true,,301,1030,1,1,121,0,2
1491473428938,322,HTTPtxt导入下注请求,200,OK,jp@gc - Stepping Thread Group 1-1,text,true,,301,1030,1,1,322,0,0
1491473429460,174,HTTPtxt导入下注请求,200,OK,jp@gc - Stepping Thread Group 1-1,text,true,,301,1029,1,1,174,0,0
1491473429772,269,HTTPtxt导入下注请求,200,OK,jp@gc - Stepping Thread Group 1-1,text,true,,301,1031,1,1,269,0,0
1491474675367,72,HTTP登录请求,200,OK,jp@gc - Stepping Thread Group 1-1,text,true,,340,242,1,1,72,0,1
1491474675540,198,HTTP 获取Agreement请求,200,OK,jp@gc - Stepping Thread Group 1-1,text,true,,268,275,1,1,198,0,0
1491474675939,28,HTTPtxt导入下注请求,200,OK,jp@gc - Stepping Thread Group 1-1,text,false,"Test failed: text expected to contain /""Status"":1,""Data"":{""CompletedStatus"":1/",377,1030,1,1,28,0,0
1491474676167,7,HTTPtxt导入下注请求,200,OK,jp@gc - Stepping Thread Group 1-1,text,false,"Test failed: text expected to contain /""Status"":1,""Data"":{""CompletedStatus"":1/",276,1031,1,1,7,0,0
1491474676375,14,HTTPtxt导入下注请求,200,OK,jp@gc - Stepping Thread Group 1-1,text,false,"Test failed: text expected to contain /""Status"":1,""Data"":{""CompletedStatus"":1/",303,1030,1,1,14,0,0
1491474676590,68,HTTPtxt导入下注请求,200,OK,jp@gc - Stepping Thread Group 1-1,text,false,"Test failed: text expected to contain /""Status"":1,""Data"":{""CompletedStatus"":1/",327,1028,1,1,68,0,0
1491474676859,14,HTTPtxt导入下注请求,200,OK,jp@gc - Stepping Thread Group 1-1,,false,Response was null,204,1028,1,1,14,0,0
1491474677073,99,HTTPtxt导入下注请求,200,OK,jp@gc - Stepping Thread Group 1-1,,false,Response was null,204,1030,1,1,99,0,0
1491474677372,20,HTTPtxt导入下注请求,200,OK,jp@gc - Stepping Thread Group 1-1,text,false,"Test failed: text expected to contain /""Status"":1,""Data"":{""CompletedStatus"":1/",325,1030,1,1,20,0,1
1491474677593,6,HTTPtxt导入下注请求,200,OK,jp@gc - Stepping Thread Group 1-1,text,false,"Test failed: text expected to contain /""Status"":1,""Data"":{""CompletedStatus"":1/",325,1027,1,1,6,0,0
1491474677800,7,HTTPtxt导入下注请求,200,OK,jp@gc - Stepping Thread Group 1-1,text,false,"Test failed: text expected to contain /""Status"":1,""Data"":{""CompletedStatus"":1/",325,1029,1,1,7,0,0
1491474678007,8,HTTPtxt导入下注请求,200,OK,jp@gc - Stepping Thread Group 1-1,text,false,"Test failed: text expected to contain /""Status"":1,""Data"":{""CompletedStatus"":1/",325,1031,1,1,8,0,0
1491474678216,67,HTTPtxt导入下注请求,200,OK,jp@gc - Stepping Thread Group 1-1,text,false,"Test failed: text expected to contain /""Status"":1,""Data"":{""CompletedStatus"":1/",325,1030,1,1,67,0,0
1491474678484,80,HTTPtxt导入下注请求,200,OK,jp@gc - Stepping Thread Group 1-1,text,false,"Test failed: text expected to contain /""Status"":1,""Data"":{""CompletedStatus"":1/",325,1031,1,1,80,0,0
1491474678765,7,HTTPtxt导入下注请求,200,OK,jp@gc - Stepping Thread Group 1-1,text,false,"Test failed: text expected to contain /""Status"":1,""Data"":{""CompletedStatus"":1/",325,1030,1,1,6,0,0
1491474678973,170,HTTPtxt导入下注请求,200,OK,jp@gc - Stepping Thread Group 1-1,text,false,"Test failed: text expected to contain /""Status"":1,""Data"":{""CompletedStatus"":1/",325,1030,1,1,170,0,0
1491474679343,159,HTTPtxt导入下注请求,200,OK,jp@gc - Stepping Thread Group 1-1,text,false,"Test failed: text expected to contain /""Status"":1,""Data"":{""CompletedStatus"":1/",325,1029,1,1,159,0,0
1491474679702,7,HTTPtxt导入下注请求,200,OK,jp@gc - Stepping Thread Group 1-1,text,false,"Test failed: text expected to contain /""Status"":1,""Data"":{""CompletedStatus"":1/",325,1031,1,1,7,0,1
1491474679910,77,HTTPtxt导入下注请求,200,OK,jp@gc - Stepping Thread Group 1-1,text,false,"Test failed: text expected to contain /""Status"":1,""Data"":{""CompletedStatus"":1/",325,1031,1,1,77,0,0
1491474680188,115,HTTPtxt导入下注请求,200,OK,jp@gc - Stepping Thread Group 1-1,text,false,"Test failed: text expected to contain /""Status"":1,""Data"":{""CompletedStatus"":1/",325,1028,1,1,115,0,0
1491474680503,61,HTTPtxt导入下注请求,200,OK,jp@gc - Stepping Thread Group 1-1,text,false,"Test failed: text expected to contain /""Status"":1,""Data"":{""CompletedStatus"":1/",325,1029,1,1,61,0,0
1491474680765,18,HTTPtxt导入下注请求,200,OK,jp@gc - Stepping Thread Group 1-1,text,false,"Test failed: text expected to contain /""Status"":1,""Data"":{""CompletedStatus"":1/",325,1030,1,1,18,0,0
1491474680983,18,HTTPtxt导入下注请求,200,OK,jp@gc - Stepping Thread Group 1-1,text,false,"Test failed: text expected to contain /""Status"":1,""Data"":{""CompletedStatus"":1/",325,1030,1,1,18,0,0
1491474681202,207,HTTPtxt导入下注请求,200,OK,jp@gc - Stepping Thread Group 1-1,text,false,"Test failed: text expected to contain /""Status"":1,""Data"":{""CompletedStatus"":1/",325,1029,1,1,207,0,0
1491474681609,173,HTTPtxt导入下注请求,200,OK,jp@gc - Stepping Thread Group 1-1,text,false,"Test failed: text expected to contain /""Status"":1,""Data"":{""CompletedStatus"":1/",325,1028,1,1,173,0,0
1491474681983,19,HTTPtxt导入下注请求,200,OK,jp@gc - Stepping Thread Group 1-1,text,false,"Test failed: text expected to contain /""Status"":1,""Data"":{""CompletedStatus"":1/",325,1029,1,1,19,0,2
1491474682202,128,HTTPtxt导入下注请求,200,OK,jp@gc - Stepping Thread Group 1-1,text,false,"Test failed: text expected to contain /""Status"":1,""Data"":{""CompletedStatus"":1/",325,1030,1,1,128,0,0
1491474682531,209,HTTPtxt导入下注请求,200,OK,jp@gc - Stepping Thread Group 1-1,text,false,"Test failed: text expected to contain /""Status"":1,""Data"":{""CompletedStatus"":1/",325,1029,1,1,209,0,0
1491474682940,263,HTTPtxt导入下注请求,200,OK,jp@gc - Stepping Thread Group 1-1,text,false,"Test failed: text expected to contain /""Status"":1,""Data"":{""CompletedStatus"":1/",325,1028,1,1,263,0,0
1491474683404,20,HTTPtxt导入下注请求,200,OK,jp@gc - Stepping Thread Group 1-1,text,false,"Test failed: text expected to contain /""Status"":1,""Data"":{""CompletedStatus"":1/",325,1029,1,1,20,0,0
1491474683625,17,HTTPtxt导入下注请求,200,OK,jp@gc - Stepping Thread Group 1-1,text,false,"Test failed: text expected to contain /""Status"":1,""Data"":{""CompletedStatus"":1/",325,1029,1,1,17,0,0
1491474683842,50,HTTPtxt导入下注请求,200,OK,jp@gc - Stepping Thread Group 1-1,text,false,"Test failed: text expected to contain /""Status"":1,""Data"":{""CompletedStatus"":1/",325,1028,1,1,50,0,0
1491474684092,50,HTTPtxt导入下注请求,200,OK,jp@gc - Stepping Thread Group 1-1,text,false,"Test failed: text expected to contain /""Status"":1,""Data"":{""CompletedStatus"":1/",325,1031,1,1,50,0,1
1491474684343,80,HTTPtxt导入下注请求,200,OK,jp@gc - Stepping Thread Group 1-1,text,false,"Test failed: text expected to contain /""Status"":1,""Data"":{""CompletedStatus"":1/",325,1028,1,1,80,0,0
1491474684623,175,HTTPtxt导入下注请求,200,OK,jp@gc - Stepping Thread Group 1-1,text,false,"Test failed: text expected to contain /""Status"":1,""Data"":{""CompletedStatus"":1/",325,1029,1,1,175,0,0
1491474684999,50,HTTPtxt导入下注请求,200,OK,jp@gc - Stepping Thread Group 1-1,text,false,"Test failed: text expected to contain /""Status"":1,""Data"":{""CompletedStatus"":1/",325,1031,1,1,50,0,0
1491474685249,394,HTTPtxt导入下注请求,200,OK,jp@gc - Stepping Thread Group 1-1,text,false,"Test failed: text expected to contain /""Status"":1,""Data"":{""CompletedStatus"":1/",325,1031,1,1,394,0,0
1491474685843,17,HTTPtxt导入下注请求,200,OK,jp@gc - Stepping Thread Group 1-1,text,false,"Test failed: text expected to contain /""Status"":1,""Data"":{""CompletedStatus"":1/",325,1033,1,1,17,0,0
1491474686061,114,HTTPtxt导入下注请求,200,OK,jp@gc - Stepping Thread Group 1-1,text,false,"Test failed: text expected to contain /""Status"":1,""Data"":{""CompletedStatus"":1/",325,1028,1,1,114,0,0
1491474686376,282,HTTPtxt导入下注请求,200,OK,jp@gc - Stepping Thread Group 1-1,text,false,"Test failed: text expected to contain /""Status"":1,""Data"":{""CompletedStatus"":1/",325,1031,1,1,282,0,1
1491474686859,142,HTTPtxt导入下注请求,200,OK,jp@gc - Stepping Thread Group 1-1,text,false,"Test failed: text expected to contain /""Status"":1,""Data"":{""CompletedStatus"":1/",325,1030,1,1,142,0,0
1491474732983,189,HTTP登录请求,200,OK,jp@gc - Stepping Thread Group 1-1,text,true,,340,242,1,1,189,0,1
1491474733273,10,HTTP 获取Agreement请求,200,OK,jp@gc - Stepping Thread Group 1-1,text,true,,268,275,1,1,10,0,0
1491474733484,48,HTTPtxt导入下注请求,200,OK,jp@gc - Stepping Thread Group 1-1,text,false,"Test failed: text expected to contain /""Status"":1,""Data"":{""CompletedStatus"":1/",355,1031,1,1,48,0,0
1491474733731,48,HTTPtxt导入下注请求,200,OK,jp@gc - Stepping Thread Group 1-1,text,false,"Test failed: text expected to contain /""Status"":1,""Data"":{""CompletedStatus"":1/",276,1031,1,1,48,0,0
1491474733979,35,HTTPtxt导入下注请求,200,OK,jp@gc - Stepping Thread Group 1-1,text,false,"Test failed: text expected to contain /""Status"":1,""Data"":{""CompletedStatus"":1/",303,1030,1,1,35,0,0
1491474734214,7,HTTPtxt导入下注请求,200,OK,jp@gc - Stepping Thread Group 1-1,text,false,"Test failed: text expected to contain /""Status"":1,""Data"":{""CompletedStatus"":1/",327,1028,1,1,7,0,0
1491474734421,4,HTTPtxt导入下注请求,200,OK,jp@gc - Stepping Thread Group 1-1,,false,Response was null,204,1028,1,1,4,0,0
1491474734625,5,HTTPtxt导入下注请求,200,OK,jp@gc - Stepping Thread Group 1-1,,false,Response was null,204,1030,1,1,5,0,0
1491474734831,7,HTTPtxt导入下注请求,200,OK,jp@gc - Stepping Thread Group 1-1,text,false,"Test failed: text expected to contain /""Status"":1,""Data"":{""CompletedStatus"":1/",325,1030,1,1,7,0,0
1491474735038,66,HTTPtxt导入下注请求,200,OK,jp@gc - Stepping Thread Group 1-1,text,false,"Test failed: text expected to contain /""Status"":1,""Data"":{""CompletedStatus"":1/",325,1027,1,1,66,0,1
1491474735304,12,HTTPtxt导入下注请求,200,OK,jp@gc - Stepping Thread Group 1-1,text,false,"Test failed: text expected to contain /""Status"":1,""Data"":{""CompletedStatus"":1/",325,1029,1,1,12,0,0
1491474735516,127,HTTPtxt导入下注请求,200,OK,jp@gc - Stepping Thread Group 1-1,text,false,"Test failed: text expected to contain /""Status"":1,""Data"":{""CompletedStatus"":1/",325,1031,1,1,127,0,0
1491474735842,249,HTTPtxt导入下注请求,200,OK,jp@gc - Stepping Thread Group 1-1,text,false,"Test failed: text expected to contain /""Status"":1,""Data"":{""CompletedStatus"":1/",325,1030,1,1,249,0,0
1491474736292,89,HTTPtxt导入下注请求,200,OK,jp@gc - Stepping Thread Group 1-1,text,false,"Test failed: text expected to contain /""Status"":1,""Data"":{""CompletedStatus"":1/",325,1031,1,1,89,0,0
1491474736580,9,HTTPtxt导入下注请求,200,OK,jp@gc - Stepping Thread Group 1-1,text,false,"Test failed: text expected to contain /""Status"":1,""Data"":{""CompletedStatus"":1/",325,1030,1,1,9,0,0
1491474736789,10,HTTPtxt导入下注请求,200,OK,jp@gc - Stepping Thread Group 1-1,text,false,"Test failed: text expected to contain /""Status"":1,""Data"":{""CompletedStatus"":1/",325,1030,1,1,10,0,0
1491474737000,17,HTTPtxt导入下注请求,200,OK,jp@gc - Stepping Thread Group 1-1,text,false,"Test failed: text expected to contain /""Status"":1,""Data"":{""CompletedStatus"":1/",325,1029,1,1,17,0,0
1491474737218,10,HTTPtxt导入下注请求,200,OK,jp@gc - Stepping Thread Group 1-1,text,false,"Test failed: text expected to contain /""Status"":1,""Data"":{""CompletedStatus"":1/",325,1031,1,1,10,0,1
1491474737428,12,HTTPtxt导入下注请求,200,OK,jp@gc - Stepping Thread Group 1-1,text,false,"Test failed: text expected to contain /""Status"":1,""Data"":{""CompletedStatus"":1/",325,1031,1,1,12,0,0
1491474737641,17,HTTPtxt导入下注请求,200,OK,jp@gc - Stepping Thread Group 1-1,text,false,"Test failed: text expected to contain /""Status"":1,""Data"":{""CompletedStatus"":1/",325,1028,1,1,17,0,0
1491474737859,18,HTTPtxt导入下注请求,200,OK,jp@gc - Stepping Thread Group 1-1,text,false,"Test failed: text expected to contain /""Status"":1,""Data"":{""CompletedStatus"":1/",325,1029,1,1,18,0,0
